run,step,H_p_bar_t,H_pt,KL_pt_ps,L_iso,L_iso_cov,L_iso_mean,batch_KL,grad_norm_total,infonce_acc,loss,lr,neg_cos,pos_cos,teacher_momentum,teacher_temp
simcse_repro_1epoch_s42,0,,,,,,,,,0.9219,1.038,3e-05,0.6041,0.8531,,
simcse_repro_1epoch_s42,10,,,,,,,,0.4476,1.0,0.0103,3e-05,0.3225,0.84,,
simcse_repro_1epoch_s42,20,,,,,,,,0.3124,1.0,0.0058,3e-05,0.2265,0.8212,,
simcse_repro_1epoch_s42,30,,,,,,,,0.1246,1.0,0.0021,2.99e-05,0.1834,0.8288,,
simcse_repro_1epoch_s42,40,,,,,,,,0.0853,1.0,0.0018,2.99e-05,0.1668,0.8256,,
simcse_repro_1epoch_s42,50,,,,,,,,0.0344,1.0,0.0009,2.99e-05,0.1442,0.822,,
simcse_repro_1epoch_s42,60,,,,,,,,0.1476,1.0,0.0025,2.99e-05,0.1237,0.8226,,
simcse_repro_1epoch_s42,70,,,,,,,,0.2309,1.0,0.0018,2.99e-05,0.1222,0.8102,,
simcse_repro_1epoch_s42,80,,,,,,,,0.1524,1.0,0.002,2.98e-05,0.1132,0.823,,
simcse_repro_1epoch_s42,90,,,,,,,,0.0519,1.0,0.001,2.98e-05,0.11,0.8185,,
simcse_repro_1epoch_s42,100,,,,,,,,0.0707,1.0,0.0007,2.98e-05,0.1097,0.8236,,
simcse_repro_1epoch_s42,110,,,,,,,,0.022,1.0,0.0005,2.98e-05,0.0974,0.8179,,
simcse_repro_1epoch_s42,120,,,,,,,,0.3938,1.0,0.0029,2.98e-05,0.0968,0.8209,,
simcse_repro_1epoch_s42,130,,,,,,,,0.0335,1.0,0.0005,2.97e-05,0.0975,0.8192,,
simcse_repro_1epoch_s42,140,,,,,,,,0.0543,1.0,0.0008,2.97e-05,0.1057,0.8183,,
simcse_repro_1epoch_s42,150,,,,,,,,0.1223,1.0,0.0013,2.97e-05,0.1164,0.8141,,
simcse_repro_1epoch_s42,160,,,,,,,,0.0552,1.0,0.0008,2.97e-05,0.095,0.8208,,
simcse_repro_1epoch_s42,170,,,,,,,,0.1209,1.0,0.0017,2.97e-05,0.0895,0.8082,,
simcse_repro_1epoch_s42,180,,,,,,,,0.5134,1.0,0.0023,2.96e-05,0.0918,0.8104,,
simcse_repro_1epoch_s42,190,,,,,,,,0.022,1.0,0.0004,2.96e-05,0.0954,0.8102,,
simcse_repro_1epoch_s42,200,,,,,,,,0.0241,1.0,0.0004,2.96e-05,0.0884,0.8073,,
simcse_repro_1epoch_s42,210,,,,,,,,0.1627,1.0,0.0021,2.96e-05,0.0764,0.8042,,
simcse_repro_1epoch_s42,220,,,,,,,,0.0452,1.0,0.0006,2.96e-05,0.0867,0.797,,
simcse_repro_1epoch_s42,230,,,,,,,,0.0421,1.0,0.0005,2.96e-05,0.0764,0.8039,,
simcse_repro_1epoch_s42,240,,,,,,,,0.024,1.0,0.0004,2.95e-05,0.0823,0.8056,,
simcse_repro_1epoch_s42,250,,,,,,,,0.0097,1.0,0.0002,2.95e-05,0.0753,0.8118,,
simcse_repro_1epoch_s42,260,,,,,,,,0.065,1.0,0.0009,2.95e-05,0.0728,0.8044,,
simcse_repro_1epoch_s42,270,,,,,,,,0.1081,1.0,0.0009,2.95e-05,0.0696,0.7976,,
simcse_repro_1epoch_s42,280,,,,,,,,0.2158,1.0,0.002,2.95e-05,0.0628,0.8018,,
simcse_repro_1epoch_s42,290,,,,,,,,0.0421,1.0,0.0004,2.94e-05,0.0725,0.8008,,
simcse_repro_1epoch_s42,300,,,,,,,,0.2367,1.0,0.0016,2.94e-05,0.0611,0.7955,,
simcse_repro_1epoch_s42,310,,,,,,,,0.01,1.0,0.0002,2.94e-05,0.0623,0.8061,,
simcse_repro_1epoch_s42,320,,,,,,,,0.0087,1.0,0.0002,2.94e-05,0.0596,0.8046,,
simcse_repro_1epoch_s42,330,,,,,,,,0.0509,1.0,0.0004,2.94e-05,0.055,0.8011,,
simcse_repro_1epoch_s42,340,,,,,,,,0.0545,1.0,0.0004,2.93e-05,0.0553,0.7962,,
simcse_repro_1epoch_s42,350,,,,,,,,0.142,1.0,0.0007,2.93e-05,0.056,0.7975,,
simcse_repro_1epoch_s42,360,,,,,,,,0.0081,1.0,0.0002,2.93e-05,0.0511,0.8025,,
simcse_repro_1epoch_s42,370,,,,,,,,0.0129,1.0,0.0003,2.93e-05,0.0534,0.8003,,
simcse_repro_1epoch_s42,380,,,,,,,,0.4156,1.0,0.0025,2.93e-05,0.0542,0.7986,,
simcse_repro_1epoch_s42,390,,,,,,,,0.0266,1.0,0.0003,2.92e-05,0.0568,0.7953,,
simcse_repro_1epoch_s42,400,,,,,,,,0.0097,1.0,0.0002,2.92e-05,0.0502,0.7973,,
simcse_repro_1epoch_s42,410,,,,,,,,0.0873,1.0,0.0004,2.92e-05,0.0513,0.8003,,
simcse_repro_1epoch_s42,420,,,,,,,,0.0748,1.0,0.0008,2.92e-05,0.0513,0.8001,,
simcse_repro_1epoch_s42,430,,,,,,,,0.011,1.0,0.0003,2.92e-05,0.0582,0.7951,,
simcse_repro_1epoch_s42,440,,,,,,,,0.0091,1.0,0.0002,2.91e-05,0.0422,0.8019,,
simcse_repro_1epoch_s42,450,,,,,,,,0.0147,1.0,0.0003,2.91e-05,0.0499,0.8021,,
simcse_repro_1epoch_s42,460,,,,,,,,0.1128,1.0,0.0006,2.91e-05,0.0436,0.796,,
simcse_repro_1epoch_s42,470,,,,,,,,0.0091,1.0,0.0002,2.91e-05,0.0492,0.794,,
simcse_repro_1epoch_s42,480,,,,,,,,0.019,1.0,0.0002,2.91e-05,0.0415,0.8074,,
simcse_repro_1epoch_s42,490,,,,,,,,0.0064,1.0,0.0002,2.9e-05,0.0444,0.8026,,
simcse_repro_1epoch_s42,500,,,,,,,,0.0075,1.0,0.0001,2.9e-05,0.0386,0.807,,
simcse_repro_1epoch_s42,510,,,,,,,,0.083,1.0,0.0008,2.9e-05,0.0384,0.8019,,
simcse_repro_1epoch_s42,520,,,,,,,,0.0739,1.0,0.0004,2.9e-05,0.0388,0.7934,,
simcse_repro_1epoch_s42,530,,,,,,,,0.0094,1.0,0.0002,2.9e-05,0.0428,0.7935,,
simcse_repro_1epoch_s42,540,,,,,,,,0.006,1.0,0.0001,2.89e-05,0.0379,0.7993,,
simcse_repro_1epoch_s42,550,,,,,,,,0.024,1.0,0.0002,2.89e-05,0.0358,0.7911,,
simcse_repro_1epoch_s42,560,,,,,,,,0.0216,1.0,0.0003,2.89e-05,0.0351,0.7892,,
simcse_repro_1epoch_s42,570,,,,,,,,0.0357,1.0,0.0004,2.89e-05,0.0349,0.8054,,
simcse_repro_1epoch_s42,580,,,,,,,,0.0318,1.0,0.0004,2.89e-05,0.0377,0.8018,,
simcse_repro_1epoch_s42,590,,,,,,,,0.0113,1.0,0.0002,2.88e-05,0.0331,0.787,,
simcse_repro_1epoch_s42,600,,,,,,,,0.0117,1.0,0.0002,2.88e-05,0.0412,0.7987,,
simcse_repro_1epoch_s42,610,,,,,,,,0.0379,1.0,0.0005,2.88e-05,0.0482,0.8039,,
simcse_repro_1epoch_s42,620,,,,,,,,0.0076,1.0,0.0002,2.88e-05,0.0542,0.7999,,
simcse_repro_1epoch_s42,630,,,,,,,,0.0065,1.0,0.0001,2.88e-05,0.0517,0.8031,,
simcse_repro_1epoch_s42,640,,,,,,,,0.0225,1.0,0.0003,2.88e-05,0.0457,0.8001,,
simcse_repro_1epoch_s42,650,,,,,,,,0.8894,1.0,0.0032,2.87e-05,0.0431,0.7996,,
simcse_repro_1epoch_s42,660,,,,,,,,0.0156,1.0,0.0003,2.87e-05,0.0421,0.7936,,
simcse_repro_1epoch_s42,670,,,,,,,,0.0121,1.0,0.0002,2.87e-05,0.0356,0.8004,,
simcse_repro_1epoch_s42,680,,,,,,,,0.0127,1.0,0.0002,2.87e-05,0.0378,0.7956,,
simcse_repro_1epoch_s42,690,,,,,,,,0.0139,1.0,0.0001,2.87e-05,0.0347,0.7963,,
simcse_repro_1epoch_s42,700,,,,,,,,0.023,1.0,0.0003,2.86e-05,0.0338,0.7916,,
simcse_repro_1epoch_s42,710,,,,,,,,0.0043,1.0,0.0001,2.86e-05,0.0355,0.7951,,
simcse_repro_1epoch_s42,720,,,,,,,,0.0197,1.0,0.0003,2.86e-05,0.0311,0.7917,,
simcse_repro_1epoch_s42,730,,,,,,,,0.0024,1.0,0.0001,2.86e-05,0.0339,0.8073,,
simcse_repro_1epoch_s42,740,,,,,,,,0.0227,1.0,0.0003,2.86e-05,0.0336,0.7806,,
simcse_repro_1epoch_s42,750,,,,,,,,0.5032,1.0,0.0061,2.85e-05,0.0339,0.7955,,
simcse_repro_1epoch_s42,760,,,,,,,,0.006,1.0,0.0002,2.85e-05,0.0314,0.7969,,
simcse_repro_1epoch_s42,770,,,,,,,,0.009,1.0,0.0001,2.85e-05,0.0301,0.8005,,
simcse_repro_1epoch_s42,780,,,,,,,,0.0135,1.0,0.0002,2.85e-05,0.0322,0.7983,,
simcse_repro_1epoch_s42,790,,,,,,,,0.0264,1.0,0.0003,2.85e-05,0.0291,0.796,,
simcse_repro_1epoch_s42,800,,,,,,,,0.0029,1.0,0.0001,2.84e-05,0.0298,0.7976,,
simcse_repro_1epoch_s42,810,,,,,,,,0.0259,1.0,0.0004,2.84e-05,0.03,0.8064,,
simcse_repro_1epoch_s42,820,,,,,,,,0.005,1.0,0.0001,2.84e-05,0.0295,0.7964,,
simcse_repro_1epoch_s42,830,,,,,,,,0.0061,1.0,0.0001,2.84e-05,0.0279,0.8008,,
simcse_repro_1epoch_s42,840,,,,,,,,0.0068,1.0,0.0001,2.84e-05,0.028,0.7871,,
simcse_repro_1epoch_s42,850,,,,,,,,0.0079,1.0,0.0001,2.83e-05,0.0271,0.795,,
simcse_repro_1epoch_s42,860,,,,,,,,0.0023,1.0,0.0001,2.83e-05,0.0259,0.7978,,
simcse_repro_1epoch_s42,870,,,,,,,,0.022,1.0,0.0002,2.83e-05,0.0262,0.804,,
simcse_repro_1epoch_s42,880,,,,,,,,0.0041,1.0,0.0001,2.83e-05,0.0216,0.7868,,
simcse_repro_1epoch_s42,890,,,,,,,,0.0051,1.0,0.0001,2.83e-05,0.0262,0.7888,,
simcse_repro_1epoch_s42,900,,,,,,,,0.0103,1.0,0.0001,2.82e-05,0.0241,0.7939,,
simcse_repro_1epoch_s42,910,,,,,,,,0.0033,1.0,0.0001,2.82e-05,0.0238,0.7977,,
simcse_repro_1epoch_s42,920,,,,,,,,0.0046,1.0,0.0001,2.82e-05,0.0223,0.8018,,
simcse_repro_1epoch_s42,930,,,,,,,,0.0035,1.0,0.0001,2.82e-05,0.0247,0.7951,,
simcse_repro_1epoch_s42,940,,,,,,,,0.0242,1.0,0.0002,2.82e-05,0.0241,0.7877,,
simcse_repro_1epoch_s42,950,,,,,,,,0.0351,1.0,0.0004,2.81e-05,0.0222,0.7886,,
simcse_repro_1epoch_s42,960,,,,,,,,0.0031,1.0,0.0001,2.81e-05,0.0248,0.796,,
simcse_repro_1epoch_s42,970,,,,,,,,0.005,1.0,0.0001,2.81e-05,0.0204,0.7862,,
simcse_repro_1epoch_s42,980,,,,,,,,0.006,1.0,0.0001,2.81e-05,0.0217,0.7925,,
simcse_repro_1epoch_s42,990,,,,,,,,0.1305,1.0,0.0011,2.81e-05,0.0243,0.795,,
simcse_repro_1epoch_s42,1000,,,,,,,,0.0028,1.0,0.0001,2.81e-05,0.02,0.7904,,
simcse_repro_1epoch_s42,1010,,,,,,,,0.0054,1.0,0.0001,2.8e-05,0.0198,0.8005,,
simcse_repro_1epoch_s42,1020,,,,,,,,0.0103,1.0,0.0002,2.8e-05,0.0182,0.7873,,
simcse_repro_1epoch_s42,1030,,,,,,,,0.0025,1.0,0.0001,2.8e-05,0.022,0.797,,
simcse_repro_1epoch_s42,1040,,,,,,,,0.0035,1.0,0.0001,2.8e-05,0.021,0.7945,,
simcse_repro_1epoch_s42,1050,,,,,,,,0.0186,1.0,0.0002,2.8e-05,0.0222,0.7994,,
simcse_repro_1epoch_s42,1060,,,,,,,,0.0061,1.0,0.0001,2.79e-05,0.0219,0.7939,,
simcse_repro_1epoch_s42,1070,,,,,,,,0.0035,1.0,0.0001,2.79e-05,0.0203,0.7966,,
simcse_repro_1epoch_s42,1080,,,,,,,,0.0042,1.0,0.0001,2.79e-05,0.0217,0.801,,
simcse_repro_1epoch_s42,1090,,,,,,,,0.0042,1.0,0.0001,2.79e-05,0.0316,0.8017,,
simcse_repro_1epoch_s42,1100,,,,,,,,0.0096,1.0,0.0001,2.79e-05,0.0329,0.8045,,
simcse_repro_1epoch_s42,1110,,,,,,,,0.0042,1.0,0.0001,2.78e-05,0.0376,0.8005,,
simcse_repro_1epoch_s42,1120,,,,,,,,0.0326,1.0,0.0003,2.78e-05,0.0415,0.8016,,
simcse_repro_1epoch_s42,1130,,,,,,,,0.0253,1.0,0.0002,2.78e-05,0.0366,0.8037,,
simcse_repro_1epoch_s42,1140,,,,,,,,0.0028,1.0,0.0001,2.78e-05,0.0305,0.8044,,
simcse_repro_1epoch_s42,1150,,,,,,,,0.0065,1.0,0.0001,2.78e-05,0.031,0.7939,,
simcse_repro_1epoch_s42,1160,,,,,,,,0.0044,1.0,0.0001,2.77e-05,0.0335,0.8084,,
simcse_repro_1epoch_s42,1170,,,,,,,,0.005,1.0,0.0001,2.77e-05,0.0235,0.7973,,
simcse_repro_1epoch_s42,1180,,,,,,,,0.0263,1.0,0.0003,2.77e-05,0.0337,0.8011,,
simcse_repro_1epoch_s42,1190,,,,,,,,0.0068,1.0,0.0001,2.77e-05,0.027,0.7995,,
simcse_repro_1epoch_s42,1200,,,,,,,,0.0049,1.0,0.0001,2.77e-05,0.0254,0.7996,,
simcse_repro_1epoch_s42,1210,,,,,,,,0.0021,1.0,0.0001,2.76e-05,0.0242,0.8097,,
simcse_repro_1epoch_s42,1220,,,,,,,,0.0045,1.0,0.0001,2.76e-05,0.0227,0.8015,,
simcse_repro_1epoch_s42,1230,,,,,,,,0.0032,1.0,0.0001,2.76e-05,0.0204,0.8055,,
simcse_repro_1epoch_s42,1240,,,,,,,,0.0457,1.0,0.0005,2.76e-05,0.0201,0.8004,,
simcse_repro_1epoch_s42,1250,,,,,,,,0.0056,1.0,0.0001,2.76e-05,0.0223,0.7954,,
simcse_repro_1epoch_s42,1260,,,,,,,,0.003,1.0,0.0001,2.75e-05,0.0202,0.7952,,
simcse_repro_1epoch_s42,1270,,,,,,,,0.004,1.0,0.0001,2.75e-05,0.0185,0.7974,,
simcse_repro_1epoch_s42,1280,,,,,,,,0.0045,1.0,0.0001,2.75e-05,0.017,0.795,,
simcse_repro_1epoch_s42,1290,,,,,,,,0.0035,1.0,0.0001,2.75e-05,0.0205,0.8042,,
simcse_repro_1epoch_s42,1300,,,,,,,,0.349,1.0,0.0025,2.75e-05,0.018,0.7962,,
simcse_repro_1epoch_s42,1310,,,,,,,,0.0049,1.0,0.0001,2.74e-05,0.0241,0.8008,,
simcse_repro_1epoch_s42,1320,,,,,,,,0.0444,1.0,0.0004,2.74e-05,0.027,0.7982,,
simcse_repro_1epoch_s42,1330,,,,,,,,0.0061,1.0,0.0001,2.74e-05,0.0172,0.7978,,
simcse_repro_1epoch_s42,1340,,,,,,,,0.0096,1.0,0.0001,2.74e-05,0.0204,0.7989,,
simcse_repro_1epoch_s42,1350,,,,,,,,0.0023,1.0,0.0001,2.74e-05,0.0229,0.7975,,
simcse_repro_1epoch_s42,1360,,,,,,,,0.0039,1.0,0.0001,2.73e-05,0.0179,0.792,,
simcse_repro_1epoch_s42,1370,,,,,,,,0.0036,1.0,0.0001,2.73e-05,0.0313,0.7978,,
simcse_repro_1epoch_s42,1380,,,,,,,,0.005,1.0,0.0001,2.73e-05,0.0346,0.7971,,
simcse_repro_1epoch_s42,1390,,,,,,,,0.006,1.0,0.0001,2.73e-05,0.0281,0.7976,,
simcse_repro_1epoch_s42,1400,,,,,,,,0.0997,1.0,0.0009,2.73e-05,0.0219,0.7995,,
simcse_repro_1epoch_s42,1410,,,,,,,,0.005,1.0,0.0001,2.73e-05,0.0313,0.7998,,
simcse_repro_1epoch_s42,1420,,,,,,,,0.0106,1.0,0.0001,2.72e-05,0.041,0.8071,,
simcse_repro_1epoch_s42,1430,,,,,,,,0.0052,1.0,0.0001,2.72e-05,0.0368,0.794,,
simcse_repro_1epoch_s42,1440,,,,,,,,0.046,1.0,0.0004,2.72e-05,0.0375,0.7905,,
simcse_repro_1epoch_s42,1450,,,,,,,,0.0166,1.0,0.0002,2.72e-05,0.0326,0.7995,,
simcse_repro_1epoch_s42,1460,,,,,,,,0.0035,1.0,0.0001,2.72e-05,0.0423,0.7972,,
simcse_repro_1epoch_s42,1470,,,,,,,,0.0097,1.0,0.0002,2.71e-05,0.0306,0.7825,,
simcse_repro_1epoch_s42,1480,,,,,,,,0.0066,1.0,0.0001,2.71e-05,0.0189,0.7991,,
simcse_repro_1epoch_s42,1490,,,,,,,,0.0057,1.0,0.0001,2.71e-05,0.0214,0.7934,,
simcse_repro_1epoch_s42,1500,,,,,,,,0.0096,1.0,0.0001,2.71e-05,0.021,0.7938,,
simcse_repro_1epoch_s42,1510,,,,,,,,0.0062,1.0,0.0001,2.71e-05,0.0224,0.7889,,
simcse_repro_1epoch_s42,1520,,,,,,,,0.0062,1.0,0.0001,2.7e-05,0.0188,0.8058,,
simcse_repro_1epoch_s42,1530,,,,,,,,0.009,1.0,0.0002,2.7e-05,0.0161,0.7887,,
simcse_repro_1epoch_s42,1540,,,,,,,,0.0097,1.0,0.0001,2.7e-05,0.0159,0.7981,,
simcse_repro_1epoch_s42,1550,,,,,,,,0.0144,1.0,0.0002,2.7e-05,0.0197,0.792,,
simcse_repro_1epoch_s42,1560,,,,,,,,0.0095,1.0,0.0001,2.7e-05,0.0197,0.7936,,
simcse_repro_1epoch_s42,1570,,,,,,,,0.0215,1.0,0.0003,2.69e-05,0.0187,0.8001,,
simcse_repro_1epoch_s42,1580,,,,,,,,0.0019,1.0,0.0001,2.69e-05,0.0126,0.7953,,
simcse_repro_1epoch_s42,1590,,,,,,,,0.0014,1.0,0.0001,2.69e-05,0.0107,0.7972,,
simcse_repro_1epoch_s42,1600,,,,,,,,0.0028,1.0,0.0001,2.69e-05,0.011,0.7964,,
simcse_repro_1epoch_s42,1610,,,,,,,,0.0024,1.0,0.0001,2.69e-05,0.0135,0.7998,,
simcse_repro_1epoch_s42,1620,,,,,,,,0.0019,1.0,0.0001,2.68e-05,0.0105,0.7993,,
simcse_repro_1epoch_s42,1630,,,,,,,,0.0017,1.0,0.0001,2.68e-05,0.0125,0.7981,,
simcse_repro_1epoch_s42,1640,,,,,,,,0.0017,1.0,0.0001,2.68e-05,0.0151,0.7985,,
simcse_repro_1epoch_s42,1650,,,,,,,,0.0012,1.0,0.0,2.68e-05,0.0134,0.8058,,
simcse_repro_1epoch_s42,1660,,,,,,,,0.003,1.0,0.0001,2.68e-05,0.0092,0.7963,,
simcse_repro_1epoch_s42,1670,,,,,,,,0.1028,1.0,0.0008,2.67e-05,0.0147,0.7953,,
simcse_repro_1epoch_s42,1680,,,,,,,,0.002,1.0,0.0001,2.67e-05,0.0148,0.7977,,
simcse_repro_1epoch_s42,1690,,,,,,,,0.0043,1.0,0.0001,2.67e-05,0.0115,0.7932,,
simcse_repro_1epoch_s42,1700,,,,,,,,0.0032,1.0,0.0001,2.67e-05,0.017,0.7985,,
simcse_repro_1epoch_s42,1710,,,,,,,,0.0355,1.0,0.0004,2.67e-05,0.0414,0.7909,,
simcse_repro_1epoch_s42,1720,,,,,,,,0.004,1.0,0.0001,2.66e-05,0.0522,0.7973,,
simcse_repro_1epoch_s42,1730,,,,,,,,0.0041,1.0,0.0001,2.66e-05,0.045,0.8005,,
simcse_repro_1epoch_s42,1740,,,,,,,,0.0043,1.0,0.0001,2.66e-05,0.0404,0.8035,,
simcse_repro_1epoch_s42,1750,,,,,,,,0.0061,1.0,0.0001,2.66e-05,0.0297,0.8022,,
simcse_repro_1epoch_s42,1760,,,,,,,,0.0022,1.0,0.0001,2.66e-05,0.0252,0.7911,,
simcse_repro_1epoch_s42,1770,,,,,,,,0.002,1.0,0.0001,2.66e-05,0.024,0.8045,,
simcse_repro_1epoch_s42,1780,,,,,,,,0.0058,1.0,0.0001,2.65e-05,0.0209,0.7981,,
simcse_repro_1epoch_s42,1790,,,,,,,,0.0027,1.0,0.0001,2.65e-05,0.0229,0.799,,
simcse_repro_1epoch_s42,1800,,,,,,,,0.0034,1.0,0.0001,2.65e-05,0.0186,0.7985,,
simcse_repro_1epoch_s42,1810,,,,,,,,0.0027,1.0,0.0001,2.65e-05,0.0195,0.7974,,
simcse_repro_1epoch_s42,1820,,,,,,,,0.003,1.0,0.0001,2.65e-05,0.018,0.798,,
simcse_repro_1epoch_s42,1830,,,,,,,,0.0125,1.0,0.0001,2.64e-05,0.0156,0.805,,
simcse_repro_1epoch_s42,1840,,,,,,,,0.0014,1.0,0.0,2.64e-05,0.0157,0.8094,,
simcse_repro_1epoch_s42,1850,,,,,,,,0.0018,1.0,0.0001,2.64e-05,0.0202,0.8043,,
simcse_repro_1epoch_s42,1860,,,,,,,,0.0239,1.0,0.0002,2.64e-05,0.0183,0.8018,,
simcse_repro_1epoch_s42,1870,,,,,,,,0.0033,1.0,0.0001,2.64e-05,0.0158,0.8063,,
simcse_repro_1epoch_s42,1880,,,,,,,,0.0067,1.0,0.0001,2.63e-05,0.0121,0.7954,,
simcse_repro_1epoch_s42,1890,,,,,,,,0.0251,1.0,0.0002,2.63e-05,0.0115,0.7999,,
simcse_repro_1epoch_s42,1900,,,,,,,,0.0012,1.0,0.0,2.63e-05,0.0105,0.7971,,
simcse_repro_1epoch_s42,1910,,,,,,,,0.0022,1.0,0.0001,2.63e-05,0.017,0.805,,
simcse_repro_1epoch_s42,1920,,,,,,,,0.0019,1.0,0.0001,2.63e-05,0.0117,0.81,,
simcse_repro_1epoch_s42,1930,,,,,,,,0.0026,1.0,0.0001,2.62e-05,0.0097,0.801,,
simcse_repro_1epoch_s42,1940,,,,,,,,0.0031,1.0,0.0001,2.62e-05,0.0116,0.793,,
simcse_repro_1epoch_s42,1950,,,,,,,,0.0033,1.0,0.0001,2.62e-05,0.0142,0.7995,,
simcse_repro_1epoch_s42,1960,,,,,,,,0.0029,1.0,0.0001,2.62e-05,0.0123,0.7963,,
simcse_repro_1epoch_s42,1970,,,,,,,,0.0026,1.0,0.0001,2.62e-05,0.0155,0.7953,,
simcse_repro_1epoch_s42,1980,,,,,,,,0.0013,1.0,0.0,2.61e-05,0.0122,0.8142,,
simcse_repro_1epoch_s42,1990,,,,,,,,0.0062,1.0,0.0001,2.61e-05,0.0321,0.7988,,
simcse_repro_1epoch_s42,2000,,,,,,,,0.0023,1.0,0.0001,2.61e-05,0.0333,0.8095,,
simcse_repro_1epoch_s42,2010,,,,,,,,0.0049,1.0,0.0001,2.61e-05,0.0404,0.806,,
simcse_repro_1epoch_s42,2020,,,,,,,,0.0027,1.0,0.0001,2.61e-05,0.0348,0.8019,,
simcse_repro_1epoch_s42,2030,,,,,,,,0.0033,1.0,0.0001,2.6e-05,0.0327,0.806,,
simcse_repro_1epoch_s42,2040,,,,,,,,0.0058,1.0,0.0001,2.6e-05,0.03,0.8084,,
simcse_repro_1epoch_s42,2050,,,,,,,,0.0051,1.0,0.0001,2.6e-05,0.0231,0.7992,,
simcse_repro_1epoch_s42,2060,,,,,,,,0.0015,1.0,0.0001,2.6e-05,0.0215,0.8052,,
simcse_repro_1epoch_s42,2070,,,,,,,,0.002,1.0,0.0001,2.6e-05,0.0123,0.8072,,
simcse_repro_1epoch_s42,2080,,,,,,,,0.0009,1.0,0.0,2.59e-05,0.0125,0.8139,,
simcse_repro_1epoch_s42,2090,,,,,,,,0.0058,1.0,0.0001,2.59e-05,0.0158,0.8025,,
simcse_repro_1epoch_s42,2100,,,,,,,,0.0041,1.0,0.0001,2.59e-05,0.0173,0.7948,,
simcse_repro_1epoch_s42,2110,,,,,,,,0.0033,1.0,0.0001,2.59e-05,0.0161,0.8056,,
simcse_repro_1epoch_s42,2120,,,,,,,,0.0035,1.0,0.0001,2.59e-05,0.0142,0.798,,
simcse_repro_1epoch_s42,2130,,,,,,,,0.0023,1.0,0.0001,2.58e-05,0.0118,0.8064,,
simcse_repro_1epoch_s42,2140,,,,,,,,0.0034,1.0,0.0001,2.58e-05,0.0152,0.8036,,
simcse_repro_1epoch_s42,2150,,,,,,,,0.0079,1.0,0.0001,2.58e-05,0.0141,0.8059,,
simcse_repro_1epoch_s42,2160,,,,,,,,0.0027,1.0,0.0001,2.58e-05,0.019,0.8033,,
simcse_repro_1epoch_s42,2170,,,,,,,,0.0021,1.0,0.0001,2.58e-05,0.0202,0.8034,,
simcse_repro_1epoch_s42,2180,,,,,,,,0.0016,1.0,0.0001,2.58e-05,0.0254,0.8067,,
simcse_repro_1epoch_s42,2190,,,,,,,,0.0014,1.0,0.0001,2.57e-05,0.0163,0.8009,,
simcse_repro_1epoch_s42,2200,,,,,,,,0.0008,1.0,0.0,2.57e-05,0.0143,0.8059,,
simcse_repro_1epoch_s42,2210,,,,,,,,0.0025,1.0,0.0001,2.57e-05,0.0159,0.8004,,
simcse_repro_1epoch_s42,2220,,,,,,,,0.002,1.0,0.0001,2.57e-05,0.017,0.8068,,
simcse_repro_1epoch_s42,2230,,,,,,,,0.0031,1.0,0.0001,2.57e-05,0.0161,0.8029,,
simcse_repro_1epoch_s42,2240,,,,,,,,0.0021,1.0,0.0001,2.56e-05,0.0112,0.8023,,
simcse_repro_1epoch_s42,2250,,,,,,,,0.0021,1.0,0.0001,2.56e-05,0.0144,0.8021,,
simcse_repro_1epoch_s42,2260,,,,,,,,0.001,1.0,0.0,2.56e-05,0.011,0.8078,,
simcse_repro_1epoch_s42,2270,,,,,,,,0.0025,1.0,0.0001,2.56e-05,0.0102,0.8053,,
simcse_repro_1epoch_s42,2280,,,,,,,,0.002,1.0,0.0,2.56e-05,0.0063,0.8095,,
simcse_repro_1epoch_s42,2290,,,,,,,,0.0011,1.0,0.0,2.55e-05,0.0113,0.8017,,
simcse_repro_1epoch_s42,2300,,,,,,,,0.0053,1.0,0.0001,2.55e-05,0.0202,0.8005,,
simcse_repro_1epoch_s42,2310,,,,,,,,0.0018,1.0,0.0001,2.55e-05,0.0192,0.8065,,
simcse_repro_1epoch_s42,2320,,,,,,,,0.0117,1.0,0.0001,2.55e-05,0.0165,0.809,,
simcse_repro_1epoch_s42,2330,,,,,,,,0.0029,1.0,0.0001,2.55e-05,0.0172,0.8074,,
simcse_repro_1epoch_s42,2340,,,,,,,,0.0038,1.0,0.0001,2.54e-05,0.0151,0.8035,,
simcse_repro_1epoch_s42,2350,,,,,,,,0.0024,1.0,0.0001,2.54e-05,0.0106,0.8097,,
simcse_repro_1epoch_s42,2360,,,,,,,,0.0041,1.0,0.0001,2.54e-05,0.0177,0.795,,
simcse_repro_1epoch_s42,2370,,,,,,,,0.0055,1.0,0.0001,2.54e-05,0.0117,0.8139,,
simcse_repro_1epoch_s42,2380,,,,,,,,0.0021,1.0,0.0001,2.54e-05,0.0078,0.8073,,
simcse_repro_1epoch_s42,2390,,,,,,,,0.0015,1.0,0.0,2.53e-05,0.0065,0.8056,,
simcse_repro_1epoch_s42,2400,,,,,,,,0.0013,1.0,0.0,2.53e-05,0.0103,0.8046,,
simcse_repro_1epoch_s42,2410,,,,,,,,0.0025,1.0,0.0001,2.53e-05,0.0079,0.8048,,
simcse_repro_1epoch_s42,2420,,,,,,,,0.0094,1.0,0.0001,2.53e-05,0.0049,0.802,,
simcse_repro_1epoch_s42,2430,,,,,,,,0.0023,1.0,0.0001,2.53e-05,0.0057,0.8095,,
simcse_repro_1epoch_s42,2440,,,,,,,,0.0024,1.0,0.0001,2.52e-05,0.0096,0.7993,,
simcse_repro_1epoch_s42,2450,,,,,,,,0.0011,1.0,0.0,2.52e-05,0.0091,0.8028,,
simcse_repro_1epoch_s42,2460,,,,,,,,0.0041,1.0,0.0001,2.52e-05,0.0052,0.8023,,
simcse_repro_1epoch_s42,2470,,,,,,,,0.0021,1.0,0.0001,2.52e-05,0.0096,0.8019,,
simcse_repro_1epoch_s42,2480,,,,,,,,0.0031,1.0,0.0001,2.52e-05,0.0232,0.8111,,
simcse_repro_1epoch_s42,2490,,,,,,,,0.0022,1.0,0.0001,2.51e-05,0.0284,0.8047,,
simcse_repro_1epoch_s42,2500,,,,,,,,0.003,1.0,0.0001,2.51e-05,0.0301,0.8026,,
simcse_repro_1epoch_s42,2510,,,,,,,,0.002,1.0,0.0001,2.51e-05,0.021,0.8092,,
simcse_repro_1epoch_s42,2520,,,,,,,,0.0065,1.0,0.0001,2.51e-05,0.0169,0.8097,,
simcse_repro_1epoch_s42,2530,,,,,,,,0.0023,1.0,0.0001,2.51e-05,0.0175,0.8064,,
simcse_repro_1epoch_s42,2540,,,,,,,,0.002,1.0,0.0,2.51e-05,0.0151,0.8069,,
simcse_repro_1epoch_s42,2550,,,,,,,,0.0075,1.0,0.0001,2.5e-05,0.0102,0.8062,,
simcse_repro_1epoch_s42,2560,,,,,,,,0.0047,1.0,0.0001,2.5e-05,0.0106,0.8045,,
simcse_repro_1epoch_s42,2570,,,,,,,,0.0013,1.0,0.0,2.5e-05,0.0089,0.8095,,
simcse_repro_1epoch_s42,2580,,,,,,,,0.0012,1.0,0.0,2.5e-05,0.0072,0.8112,,
simcse_repro_1epoch_s42,2590,,,,,,,,0.0018,1.0,0.0001,2.5e-05,0.0059,0.8016,,
simcse_repro_1epoch_s42,2600,,,,,,,,0.0015,1.0,0.0,2.49e-05,0.0081,0.8099,,
simcse_repro_1epoch_s42,2610,,,,,,,,0.0053,1.0,0.0001,2.49e-05,0.0078,0.8085,,
simcse_repro_1epoch_s42,2620,,,,,,,,0.0249,1.0,0.0002,2.49e-05,0.0066,0.8039,,
simcse_repro_1epoch_s42,2630,,,,,,,,0.0027,1.0,0.0001,2.49e-05,0.0065,0.8056,,
simcse_repro_1epoch_s42,2640,,,,,,,,0.0009,1.0,0.0,2.49e-05,0.0067,0.8133,,
simcse_repro_1epoch_s42,2650,,,,,,,,0.0015,1.0,0.0001,2.48e-05,0.0084,0.8053,,
simcse_repro_1epoch_s42,2660,,,,,,,,0.0016,1.0,0.0,2.48e-05,0.0077,0.8166,,
simcse_repro_1epoch_s42,2670,,,,,,,,0.0016,1.0,0.0,2.48e-05,0.0105,0.8089,,
simcse_repro_1epoch_s42,2680,,,,,,,,0.0025,1.0,0.0001,2.48e-05,0.007,0.8062,,
simcse_repro_1epoch_s42,2690,,,,,,,,0.0012,1.0,0.0,2.48e-05,0.0071,0.8097,,
simcse_repro_1epoch_s42,2700,,,,,,,,0.0027,1.0,0.0,2.47e-05,0.0035,0.8049,,
simcse_repro_1epoch_s42,2710,,,,,,,,0.0019,1.0,0.0,2.47e-05,0.006,0.8119,,
simcse_repro_1epoch_s42,2720,,,,,,,,0.0054,1.0,0.0001,2.47e-05,0.0046,0.809,,
simcse_repro_1epoch_s42,2730,,,,,,,,0.0011,1.0,0.0,2.47e-05,0.0051,0.8039,,
simcse_repro_1epoch_s42,2740,,,,,,,,0.001,1.0,0.0,2.47e-05,0.0104,0.8165,,
simcse_repro_1epoch_s42,2750,,,,,,,,0.0025,1.0,0.0001,2.46e-05,0.005,0.8069,,
simcse_repro_1epoch_s42,2760,,,,,,,,0.0014,1.0,0.0,2.46e-05,0.0035,0.8153,,
simcse_repro_1epoch_s42,2770,,,,,,,,0.003,1.0,0.0001,2.46e-05,0.0042,0.813,,
simcse_repro_1epoch_s42,2780,,,,,,,,0.0052,1.0,0.0001,2.46e-05,0.0055,0.811,,
simcse_repro_1epoch_s42,2790,,,,,,,,0.0016,1.0,0.0,2.46e-05,0.0072,0.8051,,
simcse_repro_1epoch_s42,2800,,,,,,,,0.0013,1.0,0.0,2.45e-05,0.0193,0.8103,,
simcse_repro_1epoch_s42,2810,,,,,,,,0.0333,1.0,0.0003,2.45e-05,0.0232,0.8099,,
simcse_repro_1epoch_s42,2820,,,,,,,,0.0016,1.0,0.0001,2.45e-05,0.0162,0.8035,,
simcse_repro_1epoch_s42,2830,,,,,,,,0.0015,1.0,0.0001,2.45e-05,0.0202,0.8068,,
simcse_repro_1epoch_s42,2840,,,,,,,,0.0015,1.0,0.0001,2.45e-05,0.0195,0.8105,,
simcse_repro_1epoch_s42,2850,,,,,,,,0.0019,1.0,0.0001,2.44e-05,0.0125,0.8107,,
simcse_repro_1epoch_s42,2860,,,,,,,,0.0032,1.0,0.0001,2.44e-05,0.0112,0.8069,,
simcse_repro_1epoch_s42,2870,,,,,,,,0.0047,1.0,0.0001,2.44e-05,0.0093,0.806,,
simcse_repro_1epoch_s42,2880,,,,,,,,0.002,1.0,0.0,2.44e-05,0.0098,0.8057,,
simcse_repro_1epoch_s42,2890,,,,,,,,0.3252,1.0,0.0044,2.44e-05,0.0121,0.8077,,
simcse_repro_1epoch_s42,2900,,,,,,,,0.0014,1.0,0.0,2.43e-05,0.0141,0.8085,,
simcse_repro_1epoch_s42,2910,,,,,,,,0.0018,1.0,0.0001,2.43e-05,0.0163,0.8104,,
simcse_repro_1epoch_s42,2920,,,,,,,,0.0016,1.0,0.0001,2.43e-05,0.0223,0.8112,,
simcse_repro_1epoch_s42,2930,,,,,,,,0.0021,1.0,0.0001,2.43e-05,0.0228,0.8013,,
simcse_repro_1epoch_s42,2940,,,,,,,,0.0012,1.0,0.0,2.43e-05,0.0156,0.8037,,
simcse_repro_1epoch_s42,2950,,,,,,,,0.0042,1.0,0.0001,2.43e-05,0.0106,0.8104,,
simcse_repro_1epoch_s42,2960,,,,,,,,0.002,1.0,0.0001,2.42e-05,0.0119,0.8029,,
simcse_repro_1epoch_s42,2970,,,,,,,,0.0204,1.0,0.0002,2.42e-05,0.0054,0.7997,,
simcse_repro_1epoch_s42,2980,,,,,,,,0.0027,1.0,0.0001,2.42e-05,0.0074,0.7978,,
simcse_repro_1epoch_s42,2990,,,,,,,,0.002,1.0,0.0001,2.42e-05,0.0091,0.8106,,
simcse_repro_1epoch_s42,3000,,,,,,,,0.002,1.0,0.0001,2.42e-05,0.0043,0.8113,,
simcse_repro_1epoch_s42,3010,,,,,,,,0.0016,1.0,0.0,2.41e-05,0.0038,0.8074,,
simcse_repro_1epoch_s42,3020,,,,,,,,0.0011,1.0,0.0,2.41e-05,0.0034,0.8192,,
simcse_repro_1epoch_s42,3030,,,,,,,,0.0017,1.0,0.0,2.41e-05,0.0097,0.8159,,
simcse_repro_1epoch_s42,3040,,,,,,,,0.007,1.0,0.0001,2.41e-05,0.0441,0.8122,,
simcse_repro_1epoch_s42,3050,,,,,,,,0.0046,1.0,0.0001,2.41e-05,0.0498,0.8223,,
simcse_repro_1epoch_s42,3060,,,,,,,,0.0027,1.0,0.0001,2.4e-05,0.0462,0.8245,,
simcse_repro_1epoch_s42,3070,,,,,,,,0.0028,1.0,0.0001,2.4e-05,0.0334,0.8229,,
simcse_repro_1epoch_s42,3080,,,,,,,,0.0027,1.0,0.0001,2.4e-05,0.0296,0.8165,,
simcse_repro_1epoch_s42,3090,,,,,,,,0.0012,1.0,0.0,2.4e-05,0.0253,0.8155,,
simcse_repro_1epoch_s42,3100,,,,,,,,0.0013,1.0,0.0,2.4e-05,0.021,0.8105,,
simcse_repro_1epoch_s42,3110,,,,,,,,0.0014,1.0,0.0001,2.39e-05,0.0205,0.8108,,
simcse_repro_1epoch_s42,3120,,,,,,,,0.0052,1.0,0.0001,2.39e-05,0.0153,0.8167,,
simcse_repro_1epoch_s42,3130,,,,,,,,0.0013,1.0,0.0,2.39e-05,0.0129,0.8137,,
simcse_repro_1epoch_s42,3140,,,,,,,,0.001,1.0,0.0,2.39e-05,0.0109,0.8193,,
simcse_repro_1epoch_s42,3150,,,,,,,,0.0018,1.0,0.0,2.39e-05,0.011,0.813,,
simcse_repro_1epoch_s42,3160,,,,,,,,0.0013,1.0,0.0,2.38e-05,0.0085,0.8133,,
simcse_repro_1epoch_s42,3170,,,,,,,,0.0013,1.0,0.0,2.38e-05,0.0094,0.8134,,
simcse_repro_1epoch_s42,3180,,,,,,,,0.0035,1.0,0.0001,2.38e-05,0.011,0.8102,,
simcse_repro_1epoch_s42,3190,,,,,,,,0.0014,1.0,0.0,2.38e-05,0.0072,0.8176,,
simcse_repro_1epoch_s42,3200,,,,,,,,0.001,1.0,0.0,2.38e-05,0.0076,0.8142,,
simcse_repro_1epoch_s42,3210,,,,,,,,0.0107,1.0,0.0001,2.37e-05,0.007,0.8141,,
simcse_repro_1epoch_s42,3220,,,,,,,,0.0037,1.0,0.0001,2.37e-05,0.0095,0.8117,,
simcse_repro_1epoch_s42,3230,,,,,,,,0.0014,1.0,0.0,2.37e-05,0.0069,0.8074,,
simcse_repro_1epoch_s42,3240,,,,,,,,0.0027,1.0,0.0001,2.37e-05,0.0031,0.82,,
simcse_repro_1epoch_s42,3250,,,,,,,,0.0014,1.0,0.0,2.37e-05,0.0059,0.8185,,
simcse_repro_1epoch_s42,3260,,,,,,,,0.0012,1.0,0.0,2.36e-05,0.0067,0.8184,,
simcse_repro_1epoch_s42,3270,,,,,,,,0.002,1.0,0.0,2.36e-05,0.0059,0.8227,,
simcse_repro_1epoch_s42,3280,,,,,,,,0.001,1.0,0.0,2.36e-05,0.0084,0.8231,,
simcse_repro_1epoch_s42,3290,,,,,,,,0.0013,1.0,0.0,2.36e-05,0.0035,0.8164,,
simcse_repro_1epoch_s42,3300,,,,,,,,0.003,1.0,0.0,2.36e-05,0.0036,0.8197,,
simcse_repro_1epoch_s42,3310,,,,,,,,0.0039,1.0,0.0001,2.36e-05,0.0052,0.8245,,
simcse_repro_1epoch_s42,3320,,,,,,,,0.0011,1.0,0.0,2.35e-05,0.009,0.8176,,
simcse_repro_1epoch_s42,3330,,,,,,,,0.0018,1.0,0.0,2.35e-05,0.0064,0.8138,,
simcse_repro_1epoch_s42,3340,,,,,,,,0.0013,1.0,0.0,2.35e-05,0.0014,0.8166,,
simcse_repro_1epoch_s42,3350,,,,,,,,0.0018,1.0,0.0,2.35e-05,0.0029,0.815,,
simcse_repro_1epoch_s42,3360,,,,,,,,0.0009,1.0,0.0,2.35e-05,0.0002,0.822,,
simcse_repro_1epoch_s42,3370,,,,,,,,0.0056,1.0,0.0001,2.34e-05,0.0008,0.8246,,
simcse_repro_1epoch_s42,3380,,,,,,,,0.001,1.0,0.0,2.34e-05,0.0048,0.8164,,
simcse_repro_1epoch_s42,3390,,,,,,,,0.0009,1.0,0.0,2.34e-05,0.0057,0.819,,
simcse_repro_1epoch_s42,3400,,,,,,,,0.0013,1.0,0.0,2.34e-05,0.0002,0.8164,,
simcse_repro_1epoch_s42,3410,,,,,,,,0.0012,1.0,0.0,2.34e-05,0.0028,0.8178,,
simcse_repro_1epoch_s42,3420,,,,,,,,0.0082,1.0,0.0001,2.33e-05,-0.0008,0.8196,,
simcse_repro_1epoch_s42,3430,,,,,,,,0.0014,1.0,0.0,2.33e-05,0.0049,0.8227,,
simcse_repro_1epoch_s42,3440,,,,,,,,0.001,1.0,0.0,2.33e-05,0.0015,0.8193,,
simcse_repro_1epoch_s42,3450,,,,,,,,0.0015,1.0,0.0,2.33e-05,0.0048,0.8251,,
simcse_repro_1epoch_s42,3460,,,,,,,,0.0012,1.0,0.0,2.33e-05,-0.0002,0.8128,,
simcse_repro_1epoch_s42,3470,,,,,,,,0.0008,1.0,0.0,2.32e-05,-0.0005,0.8212,,
simcse_repro_1epoch_s42,3480,,,,,,,,0.0015,1.0,0.0,2.32e-05,0.0002,0.8195,,
simcse_repro_1epoch_s42,3490,,,,,,,,0.0012,1.0,0.0,2.32e-05,-0.0001,0.8168,,
simcse_repro_1epoch_s42,3500,,,,,,,,0.0022,1.0,0.0,2.32e-05,0.0023,0.8229,,
simcse_repro_1epoch_s42,3510,,,,,,,,0.0038,1.0,0.0001,2.32e-05,0.0063,0.8173,,
simcse_repro_1epoch_s42,3520,,,,,,,,0.0009,1.0,0.0,2.31e-05,-0.0008,0.8219,,
simcse_repro_1epoch_s42,3530,,,,,,,,0.001,1.0,0.0,2.31e-05,0.002,0.8242,,
simcse_repro_1epoch_s42,3540,,,,,,,,0.0011,1.0,0.0,2.31e-05,0.0059,0.8165,,
simcse_repro_1epoch_s42,3550,,,,,,,,0.0035,1.0,0.0001,2.31e-05,0.0084,0.8171,,
simcse_repro_1epoch_s42,3560,,,,,,,,0.0042,1.0,0.0001,2.31e-05,0.0102,0.822,,
simcse_repro_1epoch_s42,3570,,,,,,,,0.0017,1.0,0.0,2.3e-05,0.0035,0.8126,,
simcse_repro_1epoch_s42,3580,,,,,,,,0.0021,1.0,0.0,2.3e-05,0.0072,0.814,,
simcse_repro_1epoch_s42,3590,,,,,,,,0.0005,1.0,0.0,2.3e-05,0.0067,0.825,,
simcse_repro_1epoch_s42,3600,,,,,,,,0.0024,1.0,0.0,2.3e-05,0.0076,0.8175,,
simcse_repro_1epoch_s42,3610,,,,,,,,0.0027,1.0,0.0001,2.3e-05,0.0067,0.8143,,
simcse_repro_1epoch_s42,3620,,,,,,,,0.0014,1.0,0.0,2.29e-05,0.0074,0.8172,,
simcse_repro_1epoch_s42,3630,,,,,,,,0.0024,1.0,0.0001,2.29e-05,0.0057,0.8151,,
simcse_repro_1epoch_s42,3640,,,,,,,,0.0008,1.0,0.0,2.29e-05,0.0039,0.8243,,
simcse_repro_1epoch_s42,3650,,,,,,,,0.0009,1.0,0.0,2.29e-05,0.0032,0.818,,
simcse_repro_1epoch_s42,3660,,,,,,,,0.0006,1.0,0.0,2.29e-05,0.0025,0.8198,,
simcse_repro_1epoch_s42,3670,,,,,,,,0.0007,1.0,0.0,2.28e-05,0.0012,0.8208,,
simcse_repro_1epoch_s42,3680,,,,,,,,0.0011,1.0,0.0,2.28e-05,0.0054,0.8201,,
simcse_repro_1epoch_s42,3690,,,,,,,,0.0012,1.0,0.0,2.28e-05,0.0033,0.8149,,
simcse_repro_1epoch_s42,3700,,,,,,,,0.0041,1.0,0.0001,2.28e-05,0.0056,0.8211,,
simcse_repro_1epoch_s42,3710,,,,,,,,0.001,1.0,0.0,2.28e-05,0.0066,0.8188,,
simcse_repro_1epoch_s42,3720,,,,,,,,0.0013,1.0,0.0,2.28e-05,0.0061,0.818,,
simcse_repro_1epoch_s42,3730,,,,,,,,0.0025,1.0,0.0001,2.27e-05,0.0131,0.818,,
simcse_repro_1epoch_s42,3740,,,,,,,,0.0022,1.0,0.0,2.27e-05,0.0057,0.8211,,
simcse_repro_1epoch_s42,3750,,,,,,,,0.0008,1.0,0.0,2.27e-05,0.0117,0.8256,,
simcse_repro_1epoch_s42,3760,,,,,,,,0.0009,1.0,0.0,2.27e-05,0.0,0.8188,,
simcse_repro_1epoch_s42,3770,,,,,,,,0.0023,1.0,0.0,2.27e-05,0.0352,0.8353,,
simcse_repro_1epoch_s42,3780,,,,,,,,0.0018,1.0,0.0001,2.26e-05,0.0557,0.84,,
simcse_repro_1epoch_s42,3790,,,,,,,,0.001,1.0,0.0,2.26e-05,0.0441,0.8381,,
simcse_repro_1epoch_s42,3800,,,,,,,,0.0025,1.0,0.0001,2.26e-05,0.0389,0.8372,,
simcse_repro_1epoch_s42,3810,,,,,,,,0.0022,1.0,0.0001,2.26e-05,0.0276,0.8222,,
simcse_repro_1epoch_s42,3820,,,,,,,,0.0082,1.0,0.0001,2.26e-05,0.0177,0.831,,
simcse_repro_1epoch_s42,3830,,,,,,,,0.001,1.0,0.0,2.25e-05,0.0189,0.8318,,
simcse_repro_1epoch_s42,3840,,,,,,,,0.0013,1.0,0.0,2.25e-05,0.0113,0.8236,,
simcse_repro_1epoch_s42,3850,,,,,,,,0.0011,1.0,0.0,2.25e-05,0.015,0.8302,,
simcse_repro_1epoch_s42,3860,,,,,,,,0.0034,1.0,0.0001,2.25e-05,0.0105,0.8373,,
simcse_repro_1epoch_s42,3870,,,,,,,,0.0042,1.0,0.0001,2.25e-05,0.0088,0.8281,,
simcse_repro_1epoch_s42,3880,,,,,,,,0.0017,1.0,0.0,2.24e-05,0.0086,0.8311,,
simcse_repro_1epoch_s42,3890,,,,,,,,0.0008,1.0,0.0,2.24e-05,0.0135,0.8275,,
simcse_repro_1epoch_s42,3900,,,,,,,,0.0094,1.0,0.0001,2.24e-05,0.009,0.8319,,
simcse_repro_1epoch_s42,3910,,,,,,,,0.0006,1.0,0.0,2.24e-05,0.018,0.8356,,
simcse_repro_1epoch_s42,3920,,,,,,,,0.0109,1.0,0.0001,2.24e-05,0.016,0.8286,,
simcse_repro_1epoch_s42,3930,,,,,,,,0.0012,1.0,0.0,2.23e-05,0.0148,0.8299,,
simcse_repro_1epoch_s42,3940,,,,,,,,0.0009,1.0,0.0,2.23e-05,0.0127,0.8269,,
simcse_repro_1epoch_s42,3950,,,,,,,,0.0025,1.0,0.0,2.23e-05,0.0121,0.8204,,
simcse_repro_1epoch_s42,3960,,,,,,,,0.0012,1.0,0.0,2.23e-05,0.0099,0.8253,,
simcse_repro_1epoch_s42,3970,,,,,,,,0.0014,1.0,0.0,2.23e-05,0.0085,0.827,,
simcse_repro_1epoch_s42,3980,,,,,,,,0.0012,1.0,0.0,2.22e-05,0.0062,0.8311,,
simcse_repro_1epoch_s42,3990,,,,,,,,0.0008,1.0,0.0,2.22e-05,0.0017,0.8261,,
simcse_repro_1epoch_s42,4000,,,,,,,,0.0009,1.0,0.0,2.22e-05,0.0047,0.8233,,
simcse_repro_1epoch_s42,4010,,,,,,,,0.0015,1.0,0.0,2.22e-05,0.0059,0.8252,,
simcse_repro_1epoch_s42,4020,,,,,,,,0.0005,1.0,0.0,2.22e-05,0.0049,0.8319,,
simcse_repro_1epoch_s42,4030,,,,,,,,0.0013,1.0,0.0,2.21e-05,0.0085,0.8314,,
simcse_repro_1epoch_s42,4040,,,,,,,,0.0007,1.0,0.0,2.21e-05,0.0056,0.8276,,
simcse_repro_1epoch_s42,4050,,,,,,,,0.0051,1.0,0.0001,2.21e-05,0.0068,0.8198,,
simcse_repro_1epoch_s42,4060,,,,,,,,0.0057,1.0,0.0001,2.21e-05,0.0086,0.8265,,
simcse_repro_1epoch_s42,4070,,,,,,,,0.0013,1.0,0.0,2.21e-05,0.0105,0.8246,,
simcse_repro_1epoch_s42,4080,,,,,,,,0.0054,1.0,0.0001,2.21e-05,0.0313,0.8348,,
simcse_repro_1epoch_s42,4090,,,,,,,,0.0029,1.0,0.0001,2.2e-05,0.0565,0.8276,,
simcse_repro_1epoch_s42,4100,,,,,,,,0.0015,1.0,0.0,2.2e-05,0.0378,0.8332,,
simcse_repro_1epoch_s42,4110,,,,,,,,0.0022,1.0,0.0,2.2e-05,0.0299,0.8387,,
simcse_repro_1epoch_s42,4120,,,,,,,,0.0034,1.0,0.0001,2.2e-05,0.0262,0.8318,,
simcse_repro_1epoch_s42,4130,,,,,,,,0.0036,1.0,0.0001,2.2e-05,0.0189,0.8254,,
simcse_repro_1epoch_s42,4140,,,,,,,,0.001,1.0,0.0,2.19e-05,0.0204,0.8316,,
simcse_repro_1epoch_s42,4150,,,,,,,,0.0059,1.0,0.0001,2.19e-05,0.0134,0.8254,,
simcse_repro_1epoch_s42,4160,,,,,,,,0.0006,1.0,0.0,2.19e-05,0.0127,0.8307,,
simcse_repro_1epoch_s42,4170,,,,,,,,0.0013,1.0,0.0,2.19e-05,0.0169,0.8314,,
simcse_repro_1epoch_s42,4180,,,,,,,,0.0008,1.0,0.0,2.19e-05,0.0094,0.8237,,
simcse_repro_1epoch_s42,4190,,,,,,,,0.001,1.0,0.0,2.18e-05,0.0117,0.8331,,
simcse_repro_1epoch_s42,4200,,,,,,,,0.001,1.0,0.0,2.18e-05,0.0044,0.831,,
simcse_repro_1epoch_s42,4210,,,,,,,,0.0008,1.0,0.0,2.18e-05,0.0067,0.8346,,
simcse_repro_1epoch_s42,4220,,,,,,,,0.0049,1.0,0.0001,2.18e-05,0.0058,0.8338,,
simcse_repro_1epoch_s42,4230,,,,,,,,0.0017,1.0,0.0,2.18e-05,0.005,0.8316,,
simcse_repro_1epoch_s42,4240,,,,,,,,0.0023,1.0,0.0,2.17e-05,0.0035,0.8289,,
simcse_repro_1epoch_s42,4250,,,,,,,,0.0036,1.0,0.0001,2.17e-05,0.0061,0.8284,,
simcse_repro_1epoch_s42,4260,,,,,,,,0.0008,1.0,0.0,2.17e-05,0.0067,0.8309,,
simcse_repro_1epoch_s42,4270,,,,,,,,0.0004,1.0,0.0,2.17e-05,0.0021,0.8403,,
simcse_repro_1epoch_s42,4280,,,,,,,,0.0006,1.0,0.0,2.17e-05,0.0039,0.8327,,
simcse_repro_1epoch_s42,4290,,,,,,,,0.007,1.0,0.0001,2.16e-05,0.005,0.8223,,
simcse_repro_1epoch_s42,4300,,,,,,,,0.0015,1.0,0.0,2.16e-05,0.0058,0.8367,,
simcse_repro_1epoch_s42,4310,,,,,,,,0.0006,1.0,0.0,2.16e-05,0.0012,0.8341,,
simcse_repro_1epoch_s42,4320,,,,,,,,0.0012,1.0,0.0,2.16e-05,0.0049,0.8228,,
simcse_repro_1epoch_s42,4330,,,,,,,,0.0016,1.0,0.0,2.16e-05,0.0026,0.8276,,
simcse_repro_1epoch_s42,4340,,,,,,,,0.0013,1.0,0.0,2.15e-05,0.0024,0.8315,,
simcse_repro_1epoch_s42,4350,,,,,,,,0.0007,1.0,0.0,2.15e-05,0.0014,0.8341,,
simcse_repro_1epoch_s42,4360,,,,,,,,0.0083,1.0,0.0001,2.15e-05,0.001,0.8283,,
simcse_repro_1epoch_s42,4370,,,,,,,,0.0014,1.0,0.0,2.15e-05,0.0048,0.8294,,
simcse_repro_1epoch_s42,4380,,,,,,,,0.0069,1.0,0.0001,2.15e-05,0.0006,0.8349,,
simcse_repro_1epoch_s42,4390,,,,,,,,0.0043,1.0,0.0001,2.14e-05,0.0001,0.829,,
simcse_repro_1epoch_s42,4400,,,,,,,,0.003,1.0,0.0001,2.14e-05,0.0024,0.8357,,
simcse_repro_1epoch_s42,4410,,,,,,,,0.0007,1.0,0.0,2.14e-05,0.0062,0.8311,,
simcse_repro_1epoch_s42,4420,,,,,,,,0.0019,1.0,0.0,2.14e-05,-0.0005,0.8337,,
simcse_repro_1epoch_s42,4430,,,,,,,,0.0009,1.0,0.0,2.14e-05,0.005,0.8262,,
simcse_repro_1epoch_s42,4440,,,,,,,,0.0006,1.0,0.0,2.13e-05,0.001,0.8332,,
simcse_repro_1epoch_s42,4450,,,,,,,,0.0025,1.0,0.0,2.13e-05,0.0016,0.8307,,
simcse_repro_1epoch_s42,4460,,,,,,,,0.0012,1.0,0.0,2.13e-05,0.0027,0.8307,,
simcse_repro_1epoch_s42,4470,,,,,,,,0.003,1.0,0.0001,2.13e-05,0.0016,0.8221,,
simcse_repro_1epoch_s42,4480,,,,,,,,0.0006,1.0,0.0,2.13e-05,0.0025,0.826,,
simcse_repro_1epoch_s42,4490,,,,,,,,0.0021,1.0,0.0,2.13e-05,0.0027,0.8363,,
simcse_repro_1epoch_s42,4500,,,,,,,,0.0024,1.0,0.0,2.12e-05,0.0022,0.8395,,
simcse_repro_1epoch_s42,4510,,,,,,,,0.001,1.0,0.0,2.12e-05,0.0025,0.8234,,
simcse_repro_1epoch_s42,4520,,,,,,,,0.0042,1.0,0.0001,2.12e-05,0.0035,0.8275,,
simcse_repro_1epoch_s42,4530,,,,,,,,0.0012,1.0,0.0,2.12e-05,0.0039,0.8313,,
simcse_repro_1epoch_s42,4540,,,,,,,,0.0006,1.0,0.0,2.12e-05,-0.0001,0.8329,,
simcse_repro_1epoch_s42,4550,,,,,,,,0.0056,1.0,0.0001,2.11e-05,0.001,0.833,,
simcse_repro_1epoch_s42,4560,,,,,,,,0.0004,1.0,0.0,2.11e-05,0.0018,0.8368,,
simcse_repro_1epoch_s42,4570,,,,,,,,0.0009,1.0,0.0,2.11e-05,-0.0007,0.83,,
simcse_repro_1epoch_s42,4580,,,,,,,,0.0006,1.0,0.0,2.11e-05,0.0084,0.8341,,
simcse_repro_1epoch_s42,4590,,,,,,,,0.0006,1.0,0.0,2.11e-05,0.0002,0.8299,,
simcse_repro_1epoch_s42,4600,,,,,,,,0.0008,1.0,0.0,2.1e-05,0.0024,0.832,,
simcse_repro_1epoch_s42,4610,,,,,,,,0.0012,1.0,0.0,2.1e-05,0.0061,0.8359,,
simcse_repro_1epoch_s42,4620,,,,,,,,0.0066,1.0,0.0001,2.1e-05,0.0007,0.8289,,
simcse_repro_1epoch_s42,4630,,,,,,,,0.0011,1.0,0.0,2.1e-05,-0.0024,0.8313,,
simcse_repro_1epoch_s42,4640,,,,,,,,0.0032,1.0,0.0,2.1e-05,0.0001,0.8241,,
simcse_repro_1epoch_s42,4650,,,,,,,,0.0007,1.0,0.0,2.09e-05,0.0016,0.8322,,
simcse_repro_1epoch_s42,4660,,,,,,,,0.0007,1.0,0.0,2.09e-05,0.0007,0.8412,,
simcse_repro_1epoch_s42,4670,,,,,,,,0.001,1.0,0.0,2.09e-05,0.0057,0.8267,,
simcse_repro_1epoch_s42,4680,,,,,,,,0.0013,1.0,0.0,2.09e-05,0.0021,0.8335,,
simcse_repro_1epoch_s42,4690,,,,,,,,0.0011,1.0,0.0,2.09e-05,0.0059,0.8402,,
simcse_repro_1epoch_s42,4700,,,,,,,,0.002,1.0,0.0001,2.08e-05,0.0255,0.8308,,
simcse_repro_1epoch_s42,4710,,,,,,,,0.0024,1.0,0.0001,2.08e-05,0.0581,0.8272,,
simcse_repro_1epoch_s42,4720,,,,,,,,0.0026,1.0,0.0001,2.08e-05,0.0441,0.83,,
simcse_repro_1epoch_s42,4730,,,,,,,,0.0016,1.0,0.0,2.08e-05,0.0365,0.8289,,
simcse_repro_1epoch_s42,4740,,,,,,,,0.004,1.0,0.0001,2.08e-05,0.0242,0.8288,,
simcse_repro_1epoch_s42,4750,,,,,,,,0.0014,1.0,0.0,2.07e-05,0.0196,0.8271,,
simcse_repro_1epoch_s42,4760,,,,,,,,0.0008,1.0,0.0,2.07e-05,0.0164,0.8335,,
simcse_repro_1epoch_s42,4770,,,,,,,,0.0086,1.0,0.0001,2.07e-05,0.0117,0.8351,,
simcse_repro_1epoch_s42,4780,,,,,,,,0.0007,1.0,0.0,2.07e-05,0.0084,0.8293,,
simcse_repro_1epoch_s42,4790,,,,,,,,0.0007,1.0,0.0,2.07e-05,0.0091,0.8272,,
simcse_repro_1epoch_s42,4800,,,,,,,,0.0011,1.0,0.0,2.06e-05,0.0168,0.8269,,
simcse_repro_1epoch_s42,4810,,,,,,,,0.0008,1.0,0.0,2.06e-05,0.0126,0.8196,,
simcse_repro_1epoch_s42,4820,,,,,,,,0.0017,1.0,0.0,2.06e-05,0.0158,0.8271,,
simcse_repro_1epoch_s42,4830,,,,,,,,0.0009,1.0,0.0,2.06e-05,0.0104,0.8314,,
simcse_repro_1epoch_s42,4840,,,,,,,,0.0011,1.0,0.0,2.06e-05,0.01,0.8202,,
simcse_repro_1epoch_s42,4850,,,,,,,,0.0035,1.0,0.0001,2.06e-05,0.0072,0.8266,,
simcse_repro_1epoch_s42,4860,,,,,,,,0.005,1.0,0.0001,2.05e-05,0.0101,0.8297,,
simcse_repro_1epoch_s42,4870,,,,,,,,0.008,1.0,0.0002,2.05e-05,0.1349,0.8479,,
simcse_repro_1epoch_s42,4880,,,,,,,,0.0133,1.0,0.0003,2.05e-05,0.1328,0.837,,
simcse_repro_1epoch_s42,4890,,,,,,,,0.0161,1.0,0.0003,2.05e-05,0.1121,0.8366,,
simcse_repro_1epoch_s42,4900,,,,,,,,0.0042,1.0,0.0001,2.05e-05,0.0706,0.8288,,
simcse_repro_1epoch_s42,4910,,,,,,,,0.0066,1.0,0.0001,2.04e-05,0.0555,0.8388,,
simcse_repro_1epoch_s42,4920,,,,,,,,0.0466,1.0,0.0004,2.04e-05,0.0427,0.8283,,
simcse_repro_1epoch_s42,4930,,,,,,,,0.0051,1.0,0.0001,2.04e-05,0.0326,0.8248,,
simcse_repro_1epoch_s42,4940,,,,,,,,0.0023,1.0,0.0001,2.04e-05,0.038,0.8276,,
simcse_repro_1epoch_s42,4950,,,,,,,,0.0082,1.0,0.0001,2.04e-05,0.0287,0.8334,,
simcse_repro_1epoch_s42,4960,,,,,,,,0.0016,1.0,0.0001,2.03e-05,0.0231,0.8321,,
simcse_repro_1epoch_s42,4970,,,,,,,,0.0017,1.0,0.0,2.03e-05,0.0217,0.8355,,
simcse_repro_1epoch_s42,4980,,,,,,,,0.0027,1.0,0.0001,2.03e-05,0.0195,0.826,,
simcse_repro_1epoch_s42,4990,,,,,,,,0.0016,1.0,0.0001,2.03e-05,0.0235,0.8216,,
simcse_repro_1epoch_s42,5000,,,,,,,,0.0149,1.0,0.0002,2.03e-05,0.0237,0.8214,,
simcse_repro_1epoch_s42,5010,,,,,,,,0.005,1.0,0.0001,2.02e-05,0.0214,0.8249,,
simcse_repro_1epoch_s42,5020,,,,,,,,0.0012,1.0,0.0,2.02e-05,0.0162,0.8282,,
simcse_repro_1epoch_s42,5030,,,,,,,,0.007,1.0,0.0001,2.02e-05,0.0181,0.8208,,
simcse_repro_1epoch_s42,5040,,,,,,,,0.0115,1.0,0.0001,2.02e-05,0.017,0.8316,,
simcse_repro_1epoch_s42,5050,,,,,,,,0.0137,1.0,0.0001,2.02e-05,0.0105,0.8151,,
simcse_repro_1epoch_s42,5060,,,,,,,,0.0067,1.0,0.0001,2.01e-05,0.0119,0.8201,,
simcse_repro_1epoch_s42,5070,,,,,,,,0.0031,1.0,0.0001,2.01e-05,0.0123,0.8218,,
simcse_repro_1epoch_s42,5080,,,,,,,,0.0325,1.0,0.0002,2.01e-05,0.0129,0.8238,,
simcse_repro_1epoch_s42,5090,,,,,,,,0.0021,1.0,0.0001,2.01e-05,0.0105,0.8183,,
simcse_repro_1epoch_s42,5100,,,,,,,,0.0033,1.0,0.0001,2.01e-05,0.0129,0.8215,,
simcse_repro_1epoch_s42,5110,,,,,,,,0.0015,1.0,0.0,2e-05,0.0115,0.8197,,
simcse_repro_1epoch_s42,5120,,,,,,,,0.0009,1.0,0.0,2e-05,0.0135,0.8296,,
simcse_repro_1epoch_s42,5130,,,,,,,,0.0012,1.0,0.0,2e-05,0.0074,0.8207,,
simcse_repro_1epoch_s42,5140,,,,,,,,0.0027,1.0,0.0001,2e-05,0.0081,0.8214,,
simcse_repro_1epoch_s42,5150,,,,,,,,0.0032,1.0,0.0001,2e-05,0.0054,0.8305,,
simcse_repro_1epoch_s42,5160,,,,,,,,0.0109,1.0,0.0001,1.99e-05,0.006,0.8155,,
simcse_repro_1epoch_s42,5170,,,,,,,,0.0011,1.0,0.0,1.99e-05,0.0078,0.8309,,
simcse_repro_1epoch_s42,5180,,,,,,,,0.0021,1.0,0.0001,1.99e-05,0.0065,0.8229,,
simcse_repro_1epoch_s42,5190,,,,,,,,0.0012,1.0,0.0,1.99e-05,0.0113,0.8312,,
simcse_repro_1epoch_s42,5200,,,,,,,,0.0025,1.0,0.0,1.99e-05,0.0081,0.8284,,
simcse_repro_1epoch_s42,5210,,,,,,,,0.0011,1.0,0.0,1.98e-05,0.0143,0.828,,
simcse_repro_1epoch_s42,5220,,,,,,,,0.006,1.0,0.0001,1.98e-05,0.0152,0.8201,,
simcse_repro_1epoch_s42,5230,,,,,,,,0.0027,1.0,0.0001,1.98e-05,0.0112,0.8247,,
simcse_repro_1epoch_s42,5240,,,,,,,,0.0013,1.0,0.0,1.98e-05,0.0076,0.832,,
simcse_repro_1epoch_s42,5250,,,,,,,,0.0009,1.0,0.0,1.98e-05,0.0072,0.8316,,
simcse_repro_1epoch_s42,5260,,,,,,,,0.001,1.0,0.0,1.98e-05,0.0038,0.8257,,
simcse_repro_1epoch_s42,5270,,,,,,,,0.0016,1.0,0.0,1.97e-05,0.0073,0.8229,,
simcse_repro_1epoch_s42,5280,,,,,,,,0.0008,1.0,0.0,1.97e-05,0.0017,0.8287,,
simcse_repro_1epoch_s42,5290,,,,,,,,0.0018,1.0,0.0,1.97e-05,0.0075,0.82,,
simcse_repro_1epoch_s42,5300,,,,,,,,0.002,1.0,0.0,1.97e-05,0.0055,0.8256,,
simcse_repro_1epoch_s42,5310,,,,,,,,0.0025,1.0,0.0001,1.97e-05,0.0071,0.8126,,
simcse_repro_1epoch_s42,5320,,,,,,,,0.0012,1.0,0.0,1.96e-05,0.0069,0.8282,,
simcse_repro_1epoch_s42,5330,,,,,,,,0.0108,1.0,0.0001,1.96e-05,0.0064,0.8284,,
simcse_repro_1epoch_s42,5340,,,,,,,,0.0018,1.0,0.0,1.96e-05,0.0055,0.8201,,
simcse_repro_1epoch_s42,5350,,,,,,,,0.0011,1.0,0.0,1.96e-05,0.0013,0.8273,,
simcse_repro_1epoch_s42,5360,,,,,,,,0.0027,1.0,0.0001,1.96e-05,0.0029,0.8101,,
simcse_repro_1epoch_s42,5370,,,,,,,,0.0013,1.0,0.0,1.95e-05,0.0038,0.8184,,
simcse_repro_1epoch_s42,5380,,,,,,,,0.0014,1.0,0.0,1.95e-05,0.0065,0.8248,,
simcse_repro_1epoch_s42,5390,,,,,,,,0.0182,1.0,0.0002,1.95e-05,0.0072,0.83,,
simcse_repro_1epoch_s42,5400,,,,,,,,0.0007,1.0,0.0,1.95e-05,0.0005,0.8277,,
simcse_repro_1epoch_s42,5410,,,,,,,,0.0013,1.0,0.0,1.95e-05,0.0016,0.8279,,
simcse_repro_1epoch_s42,5420,,,,,,,,0.0025,1.0,0.0,1.94e-05,0.005,0.8325,,
simcse_repro_1epoch_s42,5430,,,,,,,,0.0012,1.0,0.0,1.94e-05,0.0007,0.8217,,
simcse_repro_1epoch_s42,5440,,,,,,,,0.001,1.0,0.0,1.94e-05,0.0025,0.8272,,
simcse_repro_1epoch_s42,5450,,,,,,,,0.0024,1.0,0.0,1.94e-05,0.0003,0.8271,,
simcse_repro_1epoch_s42,5460,,,,,,,,0.0005,1.0,0.0,1.94e-05,0.0029,0.8259,,
simcse_repro_1epoch_s42,5470,,,,,,,,0.0038,1.0,0.0001,1.93e-05,0.004,0.8298,,
simcse_repro_1epoch_s42,5480,,,,,,,,0.0039,1.0,0.0001,1.93e-05,0.0031,0.8236,,
simcse_repro_1epoch_s42,5490,,,,,,,,0.021,1.0,0.0002,1.93e-05,0.0052,0.8158,,
simcse_repro_1epoch_s42,5500,,,,,,,,0.0016,1.0,0.0,1.93e-05,0.003,0.8237,,
simcse_repro_1epoch_s42,5510,,,,,,,,0.0012,1.0,0.0,1.93e-05,-0.0006,0.8309,,
simcse_repro_1epoch_s42,5520,,,,,,,,0.004,1.0,0.0,1.92e-05,0.0062,0.8337,,
simcse_repro_1epoch_s42,5530,,,,,,,,0.0018,1.0,0.0,1.92e-05,0.0044,0.8179,,
simcse_repro_1epoch_s42,5540,,,,,,,,0.0063,1.0,0.0001,1.92e-05,0.0003,0.8291,,
simcse_repro_1epoch_s42,5550,,,,,,,,0.0021,1.0,0.0,1.92e-05,0.0024,0.8229,,
simcse_repro_1epoch_s42,5560,,,,,,,,0.0009,1.0,0.0,1.92e-05,0.0017,0.8336,,
simcse_repro_1epoch_s42,5570,,,,,,,,0.0025,1.0,0.0001,1.91e-05,0.0032,0.8262,,
simcse_repro_1epoch_s42,5580,,,,,,,,0.0021,1.0,0.0,1.91e-05,0.0013,0.8301,,
simcse_repro_1epoch_s42,5590,,,,,,,,0.001,1.0,0.0,1.91e-05,-0.0011,0.8282,,
simcse_repro_1epoch_s42,5600,,,,,,,,0.0008,1.0,0.0,1.91e-05,0.002,0.8299,,
simcse_repro_1epoch_s42,5610,,,,,,,,0.0008,1.0,0.0,1.91e-05,0.0009,0.8282,,
simcse_repro_1epoch_s42,5620,,,,,,,,0.0019,1.0,0.0,1.91e-05,0.0003,0.8243,,
simcse_repro_1epoch_s42,5630,,,,,,,,0.0457,1.0,0.0001,1.9e-05,0.0009,0.8182,,
simcse_repro_1epoch_s42,5640,,,,,,,,0.0031,1.0,0.0001,1.9e-05,0.0031,0.8258,,
simcse_repro_1epoch_s42,5650,,,,,,,,0.0005,1.0,0.0,1.9e-05,0.0036,0.8297,,
simcse_repro_1epoch_s42,5660,,,,,,,,0.0007,1.0,0.0,1.9e-05,-0.0012,0.8253,,
simcse_repro_1epoch_s42,5670,,,,,,,,0.001,1.0,0.0,1.9e-05,0.0028,0.8316,,
simcse_repro_1epoch_s42,5680,,,,,,,,0.0024,1.0,0.0,1.89e-05,0.0024,0.819,,
simcse_repro_1epoch_s42,5690,,,,,,,,0.0011,1.0,0.0,1.89e-05,0.0011,0.8322,,
simcse_repro_1epoch_s42,5700,,,,,,,,0.0052,1.0,0.0,1.89e-05,0.0002,0.8222,,
simcse_repro_1epoch_s42,5710,,,,,,,,0.0006,1.0,0.0,1.89e-05,0.0011,0.83,,
simcse_repro_1epoch_s42,5720,,,,,,,,0.0043,1.0,0.0001,1.89e-05,0.0011,0.8202,,
simcse_repro_1epoch_s42,5730,,,,,,,,0.0013,1.0,0.0,1.88e-05,0.0,0.8296,,
simcse_repro_1epoch_s42,5740,,,,,,,,0.0027,1.0,0.0,1.88e-05,0.0024,0.829,,
simcse_repro_1epoch_s42,5750,,,,,,,,0.0012,1.0,0.0,1.88e-05,0.0018,0.8214,,
simcse_repro_1epoch_s42,5760,,,,,,,,0.0015,1.0,0.0,1.88e-05,0.0047,0.827,,
simcse_repro_1epoch_s42,5770,,,,,,,,0.0022,1.0,0.0,1.88e-05,0.0001,0.8239,,
simcse_repro_1epoch_s42,5780,,,,,,,,0.0021,1.0,0.0001,1.87e-05,-0.0002,0.8214,,
simcse_repro_1epoch_s42,5790,,,,,,,,0.0045,1.0,0.0001,1.87e-05,0.0048,0.8331,,
simcse_repro_1epoch_s42,5800,,,,,,,,0.0012,1.0,0.0,1.87e-05,0.007,0.8283,,
simcse_repro_1epoch_s42,5810,,,,,,,,0.0048,1.0,0.0001,1.87e-05,0.0051,0.83,,
simcse_repro_1epoch_s42,5820,,,,,,,,0.0007,1.0,0.0,1.87e-05,0.0056,0.83,,
simcse_repro_1epoch_s42,5830,,,,,,,,0.0008,1.0,0.0,1.86e-05,0.0011,0.8359,,
simcse_repro_1epoch_s42,5840,,,,,,,,0.0204,1.0,0.0002,1.86e-05,0.0021,0.8313,,
simcse_repro_1epoch_s42,5850,,,,,,,,0.0008,1.0,0.0,1.86e-05,0.0068,0.8306,,
simcse_repro_1epoch_s42,5860,,,,,,,,0.0019,1.0,0.0,1.86e-05,0.0021,0.8245,,
simcse_repro_1epoch_s42,5870,,,,,,,,0.0011,1.0,0.0,1.86e-05,0.0087,0.8291,,
simcse_repro_1epoch_s42,5880,,,,,,,,0.0062,1.0,0.0001,1.85e-05,0.0013,0.8403,,
simcse_repro_1epoch_s42,5890,,,,,,,,0.0007,1.0,0.0,1.85e-05,0.0052,0.8323,,
simcse_repro_1epoch_s42,5900,,,,,,,,0.0015,1.0,0.0,1.85e-05,0.0037,0.8332,,
simcse_repro_1epoch_s42,5910,,,,,,,,0.0052,1.0,0.0,1.85e-05,0.0035,0.8261,,
simcse_repro_1epoch_s42,5920,,,,,,,,0.0006,1.0,0.0,1.85e-05,0.0056,0.8404,,
simcse_repro_1epoch_s42,5930,,,,,,,,0.0007,1.0,0.0,1.84e-05,0.0007,0.8283,,
simcse_repro_1epoch_s42,5940,,,,,,,,0.0006,1.0,0.0,1.84e-05,0.0128,0.8344,,
simcse_repro_1epoch_s42,5950,,,,,,,,0.0044,1.0,0.0001,1.84e-05,0.005,0.825,,
simcse_repro_1epoch_s42,5960,,,,,,,,0.0009,1.0,0.0,1.84e-05,0.0023,0.8352,,
simcse_repro_1epoch_s42,5970,,,,,,,,0.001,1.0,0.0,1.84e-05,0.0039,0.8286,,
simcse_repro_1epoch_s42,5980,,,,,,,,0.0014,1.0,0.0,1.83e-05,0.0039,0.83,,
simcse_repro_1epoch_s42,5990,,,,,,,,0.001,1.0,0.0,1.83e-05,0.0036,0.8243,,
simcse_repro_1epoch_s42,6000,,,,,,,,0.0011,1.0,0.0,1.83e-05,0.0048,0.8318,,
simcse_repro_1epoch_s42,6010,,,,,,,,0.0011,1.0,0.0,1.83e-05,0.0016,0.8267,,
simcse_repro_1epoch_s42,6020,,,,,,,,0.0018,1.0,0.0,1.83e-05,0.0026,0.8259,,
simcse_repro_1epoch_s42,6030,,,,,,,,0.0006,1.0,0.0,1.83e-05,-0.0013,0.8373,,
simcse_repro_1epoch_s42,6040,,,,,,,,0.0036,1.0,0.0,1.82e-05,0.0017,0.8329,,
simcse_repro_1epoch_s42,6050,,,,,,,,0.0013,1.0,0.0,1.82e-05,0.0016,0.8404,,
simcse_repro_1epoch_s42,6060,,,,,,,,0.0014,1.0,0.0,1.82e-05,0.0005,0.8302,,
simcse_repro_1epoch_s42,6070,,,,,,,,0.0026,1.0,0.0,1.82e-05,-0.0003,0.8364,,
simcse_repro_1epoch_s42,6080,,,,,,,,0.0009,1.0,0.0,1.82e-05,0.0037,0.8293,,
simcse_repro_1epoch_s42,6090,,,,,,,,0.001,1.0,0.0,1.81e-05,0.0014,0.8277,,
simcse_repro_1epoch_s42,6100,,,,,,,,0.0009,1.0,0.0,1.81e-05,0.0041,0.8406,,
simcse_repro_1epoch_s42,6110,,,,,,,,0.0016,1.0,0.0,1.81e-05,0.0001,0.8298,,
simcse_repro_1epoch_s42,6120,,,,,,,,0.002,1.0,0.0,1.81e-05,0.0013,0.8285,,
simcse_repro_1epoch_s42,6130,,,,,,,,0.0013,1.0,0.0,1.81e-05,-0.0,0.8402,,
simcse_repro_1epoch_s42,6140,,,,,,,,0.0006,1.0,0.0,1.8e-05,0.0036,0.8329,,
simcse_repro_1epoch_s42,6150,,,,,,,,0.0013,1.0,0.0,1.8e-05,0.0045,0.8361,,
simcse_repro_1epoch_s42,6160,,,,,,,,0.0008,1.0,0.0,1.8e-05,0.0037,0.8328,,
simcse_repro_1epoch_s42,6170,,,,,,,,0.0008,1.0,0.0,1.8e-05,0.005,0.8315,,
simcse_repro_1epoch_s42,6180,,,,,,,,0.0005,1.0,0.0,1.8e-05,-0.0003,0.8366,,
simcse_repro_1epoch_s42,6190,,,,,,,,0.0006,1.0,0.0,1.79e-05,-0.0001,0.8357,,
simcse_repro_1epoch_s42,6200,,,,,,,,0.0018,1.0,0.0,1.79e-05,0.0014,0.8367,,
simcse_repro_1epoch_s42,6210,,,,,,,,0.001,1.0,0.0,1.79e-05,0.0015,0.8344,,
simcse_repro_1epoch_s42,6220,,,,,,,,0.0009,1.0,0.0,1.79e-05,-0.0006,0.837,,
simcse_repro_1epoch_s42,6230,,,,,,,,0.0008,1.0,0.0,1.79e-05,0.0019,0.8349,,
simcse_repro_1epoch_s42,6240,,,,,,,,0.0008,1.0,0.0,1.78e-05,0.0016,0.8375,,
simcse_repro_1epoch_s42,6250,,,,,,,,0.0052,1.0,0.0001,1.78e-05,0.0012,0.8309,,
simcse_repro_1epoch_s42,6260,,,,,,,,0.0007,1.0,0.0,1.78e-05,-0.0004,0.8385,,
simcse_repro_1epoch_s42,6270,,,,,,,,0.0016,1.0,0.0,1.78e-05,-0.0012,0.839,,
simcse_repro_1epoch_s42,6280,,,,,,,,0.0013,1.0,0.0,1.78e-05,0.0023,0.8264,,
simcse_repro_1epoch_s42,6290,,,,,,,,0.0007,1.0,0.0,1.77e-05,-0.0002,0.8323,,
simcse_repro_1epoch_s42,6300,,,,,,,,0.0005,1.0,0.0,1.77e-05,-0.0007,0.835,,
simcse_repro_1epoch_s42,6310,,,,,,,,0.0007,1.0,0.0,1.77e-05,0.0033,0.8434,,
simcse_repro_1epoch_s42,6320,,,,,,,,0.0009,1.0,0.0,1.77e-05,-0.0007,0.8281,,
simcse_repro_1epoch_s42,6330,,,,,,,,0.0018,1.0,0.0,1.77e-05,0.0052,0.8299,,
simcse_repro_1epoch_s42,6340,,,,,,,,0.0007,1.0,0.0,1.76e-05,0.0051,0.8392,,
simcse_repro_1epoch_s42,6350,,,,,,,,0.0022,1.0,0.0,1.76e-05,0.0008,0.8426,,
simcse_repro_1epoch_s42,6360,,,,,,,,0.0017,1.0,0.0,1.76e-05,0.0061,0.8342,,
simcse_repro_1epoch_s42,6370,,,,,,,,0.0005,1.0,0.0,1.76e-05,0.0042,0.8344,,
simcse_repro_1epoch_s42,6380,,,,,,,,0.0014,1.0,0.0,1.76e-05,0.0052,0.8376,,
simcse_repro_1epoch_s42,6390,,,,,,,,0.001,1.0,0.0,1.76e-05,0.0166,0.8347,,
simcse_repro_1epoch_s42,6400,,,,,,,,0.0015,1.0,0.0,1.75e-05,0.0233,0.8268,,
simcse_repro_1epoch_s42,6410,,,,,,,,0.0009,1.0,0.0,1.75e-05,0.0271,0.8379,,
simcse_repro_1epoch_s42,6420,,,,,,,,0.0008,1.0,0.0,1.75e-05,0.017,0.8328,,
simcse_repro_1epoch_s42,6430,,,,,,,,0.0012,1.0,0.0,1.75e-05,0.0094,0.8297,,
simcse_repro_1epoch_s42,6440,,,,,,,,0.0014,1.0,0.0,1.75e-05,0.016,0.8262,,
simcse_repro_1epoch_s42,6450,,,,,,,,0.0007,1.0,0.0,1.74e-05,0.0059,0.8243,,
simcse_repro_1epoch_s42,6460,,,,,,,,0.0015,1.0,0.0,1.74e-05,0.0027,0.8375,,
simcse_repro_1epoch_s42,6470,,,,,,,,0.0018,1.0,0.0,1.74e-05,0.007,0.8272,,
simcse_repro_1epoch_s42,6480,,,,,,,,0.0009,1.0,0.0,1.74e-05,0.0054,0.8318,,
simcse_repro_1epoch_s42,6490,,,,,,,,0.0007,1.0,0.0,1.74e-05,0.0101,0.8308,,
simcse_repro_1epoch_s42,6500,,,,,,,,0.0004,1.0,0.0,1.73e-05,0.0018,0.8352,,
simcse_repro_1epoch_s42,6510,,,,,,,,0.0018,1.0,0.0,1.73e-05,0.0064,0.8341,,
simcse_repro_1epoch_s42,6520,,,,,,,,0.0012,1.0,0.0,1.73e-05,0.0086,0.8353,,
simcse_repro_1epoch_s42,6530,,,,,,,,0.0015,1.0,0.0,1.73e-05,0.0042,0.8313,,
simcse_repro_1epoch_s42,6540,,,,,,,,0.0025,1.0,0.0,1.73e-05,0.0063,0.844,,
simcse_repro_1epoch_s42,6550,,,,,,,,0.0008,1.0,0.0,1.72e-05,0.0049,0.8308,,
simcse_repro_1epoch_s42,6560,,,,,,,,0.0023,1.0,0.0,1.72e-05,0.005,0.8346,,
simcse_repro_1epoch_s42,6570,,,,,,,,0.0008,1.0,0.0,1.72e-05,0.0066,0.8341,,
simcse_repro_1epoch_s42,6580,,,,,,,,0.0006,1.0,0.0,1.72e-05,0.0059,0.8411,,
simcse_repro_1epoch_s42,6590,,,,,,,,0.0007,1.0,0.0,1.72e-05,0.0058,0.8407,,
simcse_repro_1epoch_s42,6600,,,,,,,,0.0014,1.0,0.0,1.71e-05,0.0073,0.8359,,
simcse_repro_1epoch_s42,6610,,,,,,,,0.0024,1.0,0.0,1.71e-05,0.0048,0.8365,,
simcse_repro_1epoch_s42,6620,,,,,,,,0.0009,1.0,0.0,1.71e-05,0.0069,0.8393,,
simcse_repro_1epoch_s42,6630,,,,,,,,0.0038,1.0,0.0001,1.71e-05,0.0024,0.8375,,
simcse_repro_1epoch_s42,6640,,,,,,,,0.0004,1.0,0.0,1.71e-05,0.001,0.8333,,
simcse_repro_1epoch_s42,6650,,,,,,,,0.0006,1.0,0.0,1.7e-05,0.0034,0.8353,,
simcse_repro_1epoch_s42,6660,,,,,,,,0.0007,1.0,0.0,1.7e-05,0.0054,0.8328,,
simcse_repro_1epoch_s42,6670,,,,,,,,0.003,1.0,0.0,1.7e-05,0.0027,0.833,,
simcse_repro_1epoch_s42,6680,,,,,,,,0.0016,1.0,0.0,1.7e-05,0.0114,0.8341,,
simcse_repro_1epoch_s42,6690,,,,,,,,0.0007,1.0,0.0,1.7e-05,0.0055,0.8299,,
simcse_repro_1epoch_s42,6700,,,,,,,,0.0007,1.0,0.0,1.69e-05,0.008,0.8314,,
simcse_repro_1epoch_s42,6710,,,,,,,,0.0007,1.0,0.0,1.69e-05,0.0099,0.8392,,
simcse_repro_1epoch_s42,6720,,,,,,,,0.0005,1.0,0.0,1.69e-05,0.0028,0.84,,
simcse_repro_1epoch_s42,6730,,,,,,,,0.0007,1.0,0.0,1.69e-05,0.001,0.8283,,
simcse_repro_1epoch_s42,6740,,,,,,,,0.0004,1.0,0.0,1.69e-05,-0.0027,0.8351,,
simcse_repro_1epoch_s42,6750,,,,,,,,0.0012,1.0,0.0,1.68e-05,0.0033,0.8404,,
simcse_repro_1epoch_s42,6760,,,,,,,,0.0008,1.0,0.0,1.68e-05,0.0103,0.8344,,
simcse_repro_1epoch_s42,6770,,,,,,,,0.0006,1.0,0.0,1.68e-05,0.0101,0.8383,,
simcse_repro_1epoch_s42,6780,,,,,,,,0.0013,1.0,0.0,1.68e-05,0.0068,0.8387,,
simcse_repro_1epoch_s42,6790,,,,,,,,0.0027,1.0,0.0,1.68e-05,0.0079,0.8252,,
simcse_repro_1epoch_s42,6800,,,,,,,,0.0012,1.0,0.0,1.68e-05,0.0043,0.8333,,
simcse_repro_1epoch_s42,6810,,,,,,,,0.0006,1.0,0.0,1.67e-05,0.0026,0.8414,,
simcse_repro_1epoch_s42,6820,,,,,,,,0.0014,1.0,0.0,1.67e-05,0.0377,0.8444,,
simcse_repro_1epoch_s42,6830,,,,,,,,0.0096,1.0,0.0002,1.67e-05,0.1264,0.8575,,
simcse_repro_1epoch_s42,6840,,,,,,,,0.0024,1.0,0.0001,1.67e-05,0.0772,0.8586,,
simcse_repro_1epoch_s42,6850,,,,,,,,0.0015,1.0,0.0001,1.67e-05,0.0492,0.8479,,
simcse_repro_1epoch_s42,6860,,,,,,,,0.0021,1.0,0.0001,1.66e-05,0.038,0.8451,,
simcse_repro_1epoch_s42,6870,,,,,,,,0.0081,1.0,0.0001,1.66e-05,0.0259,0.8456,,
simcse_repro_1epoch_s42,6880,,,,,,,,0.0009,1.0,0.0,1.66e-05,0.0231,0.8469,,
simcse_repro_1epoch_s42,6890,,,,,,,,0.0026,1.0,0.0001,1.66e-05,0.0182,0.8368,,
simcse_repro_1epoch_s42,6900,,,,,,,,0.0015,1.0,0.0,1.66e-05,0.0183,0.8463,,
simcse_repro_1epoch_s42,6910,,,,,,,,0.0008,1.0,0.0,1.65e-05,0.0147,0.8426,,
simcse_repro_1epoch_s42,6920,,,,,,,,0.0018,1.0,0.0,1.65e-05,0.014,0.8412,,
simcse_repro_1epoch_s42,6930,,,,,,,,0.0018,1.0,0.0,1.65e-05,0.0265,0.8375,,
simcse_repro_1epoch_s42,6940,,,,,,,,0.005,1.0,0.0001,1.65e-05,0.061,0.8432,,
simcse_repro_1epoch_s42,6950,,,,,,,,0.0034,1.0,0.0001,1.65e-05,0.0566,0.84,,
simcse_repro_1epoch_s42,6960,,,,,,,,0.0037,1.0,0.0001,1.64e-05,0.0445,0.8304,,
simcse_repro_1epoch_s42,6970,,,,,,,,0.0058,1.0,0.0001,1.64e-05,0.0355,0.8297,,
simcse_repro_1epoch_s42,6980,,,,,,,,0.0009,1.0,0.0,1.64e-05,0.027,0.8367,,
simcse_repro_1epoch_s42,6990,,,,,,,,0.0031,1.0,0.0001,1.64e-05,0.0235,0.8361,,
simcse_repro_1epoch_s42,7000,,,,,,,,0.0008,1.0,0.0,1.64e-05,0.0243,0.8416,,
simcse_repro_1epoch_s42,7010,,,,,,,,0.001,1.0,0.0,1.63e-05,0.0258,0.8362,,
simcse_repro_1epoch_s42,7020,,,,,,,,0.0014,1.0,0.0,1.63e-05,0.0232,0.8357,,
simcse_repro_1epoch_s42,7030,,,,,,,,0.0018,1.0,0.0,1.63e-05,0.0217,0.838,,
simcse_repro_1epoch_s42,7040,,,,,,,,0.001,1.0,0.0,1.63e-05,0.0107,0.84,,
simcse_repro_1epoch_s42,7050,,,,,,,,0.001,1.0,0.0,1.63e-05,0.0119,0.8386,,
simcse_repro_1epoch_s42,7060,,,,,,,,0.0027,1.0,0.0,1.62e-05,0.0145,0.8341,,
simcse_repro_1epoch_s42,7070,,,,,,,,0.0147,1.0,0.0001,1.62e-05,0.0102,0.828,,
simcse_repro_1epoch_s42,7080,,,,,,,,0.0005,1.0,0.0,1.62e-05,0.0073,0.8348,,
simcse_repro_1epoch_s42,7090,,,,,,,,0.0006,1.0,0.0,1.62e-05,0.0103,0.8401,,
simcse_repro_1epoch_s42,7100,,,,,,,,0.0014,1.0,0.0,1.62e-05,0.0047,0.8411,,
simcse_repro_1epoch_s42,7110,,,,,,,,0.0014,1.0,0.0,1.61e-05,0.0084,0.8337,,
simcse_repro_1epoch_s42,7120,,,,,,,,0.0016,1.0,0.0,1.61e-05,0.0108,0.8324,,
simcse_repro_1epoch_s42,7130,,,,,,,,0.0011,1.0,0.0,1.61e-05,0.0058,0.8309,,
simcse_repro_1epoch_s42,7140,,,,,,,,0.0046,1.0,0.0001,1.61e-05,0.004,0.8307,,
simcse_repro_1epoch_s42,7150,,,,,,,,0.0022,1.0,0.0,1.61e-05,0.0002,0.8315,,
simcse_repro_1epoch_s42,7160,,,,,,,,0.0014,1.0,0.0,1.61e-05,0.0038,0.8375,,
simcse_repro_1epoch_s42,7170,,,,,,,,0.0009,1.0,0.0,1.6e-05,0.0046,0.8368,,
simcse_repro_1epoch_s42,7180,,,,,,,,0.0005,1.0,0.0,1.6e-05,0.0041,0.837,,
simcse_repro_1epoch_s42,7190,,,,,,,,0.0007,1.0,0.0,1.6e-05,0.0051,0.8338,,
simcse_repro_1epoch_s42,7200,,,,,,,,0.0005,1.0,0.0,1.6e-05,0.007,0.8446,,
simcse_repro_1epoch_s42,7210,,,,,,,,0.0013,1.0,0.0,1.6e-05,0.0068,0.8374,,
simcse_repro_1epoch_s42,7220,,,,,,,,0.0008,1.0,0.0,1.59e-05,0.0047,0.839,,
simcse_repro_1epoch_s42,7230,,,,,,,,0.0016,1.0,0.0,1.59e-05,0.002,0.8376,,
simcse_repro_1epoch_s42,7240,,,,,,,,0.0005,1.0,0.0,1.59e-05,0.0038,0.8348,,
simcse_repro_1epoch_s42,7250,,,,,,,,0.0021,1.0,0.0001,1.59e-05,0.0058,0.8432,,
simcse_repro_1epoch_s42,7260,,,,,,,,0.0015,1.0,0.0,1.59e-05,0.0011,0.8308,,
simcse_repro_1epoch_s42,7270,,,,,,,,0.0026,1.0,0.0,1.58e-05,0.0045,0.837,,
simcse_repro_1epoch_s42,7280,,,,,,,,0.0014,1.0,0.0,1.58e-05,0.0101,0.836,,
simcse_repro_1epoch_s42,7290,,,,,,,,0.0008,1.0,0.0,1.58e-05,0.0076,0.8435,,
simcse_repro_1epoch_s42,7300,,,,,,,,0.0009,1.0,0.0,1.58e-05,0.008,0.8432,,
simcse_repro_1epoch_s42,7310,,,,,,,,0.0007,1.0,0.0,1.58e-05,0.0152,0.8431,,
simcse_repro_1epoch_s42,7320,,,,,,,,0.0019,1.0,0.0,1.57e-05,0.0102,0.8373,,
simcse_repro_1epoch_s42,7330,,,,,,,,0.0015,1.0,0.0,1.57e-05,0.0111,0.8388,,
simcse_repro_1epoch_s42,7340,,,,,,,,0.0013,1.0,0.0,1.57e-05,0.0101,0.8399,,
simcse_repro_1epoch_s42,7350,,,,,,,,0.0758,1.0,0.0006,1.57e-05,0.0205,0.84,,
simcse_repro_1epoch_s42,7360,,,,,,,,0.0008,1.0,0.0,1.57e-05,0.0206,0.8382,,
simcse_repro_1epoch_s42,7370,,,,,,,,0.0016,1.0,0.0,1.56e-05,0.0148,0.8363,,
simcse_repro_1epoch_s42,7380,,,,,,,,0.0024,1.0,0.0,1.56e-05,0.0151,0.837,,
simcse_repro_1epoch_s42,7390,,,,,,,,0.0007,1.0,0.0,1.56e-05,0.0096,0.841,,
simcse_repro_1epoch_s42,7400,,,,,,,,0.0008,1.0,0.0,1.56e-05,0.0061,0.8353,,
simcse_repro_1epoch_s42,7410,,,,,,,,0.0005,1.0,0.0,1.56e-05,0.006,0.8379,,
simcse_repro_1epoch_s42,7420,,,,,,,,0.0005,1.0,0.0,1.55e-05,0.0032,0.842,,
simcse_repro_1epoch_s42,7430,,,,,,,,0.001,1.0,0.0,1.55e-05,0.0188,0.8378,,
simcse_repro_1epoch_s42,7440,,,,,,,,0.0013,1.0,0.0,1.55e-05,0.0193,0.842,,
simcse_repro_1epoch_s42,7450,,,,,,,,0.0008,1.0,0.0,1.55e-05,0.0201,0.8392,,
simcse_repro_1epoch_s42,7460,,,,,,,,0.0009,1.0,0.0,1.55e-05,0.0201,0.8432,,
simcse_repro_1epoch_s42,7470,,,,,,,,0.0024,1.0,0.0,1.54e-05,0.0212,0.8376,,
simcse_repro_1epoch_s42,7480,,,,,,,,0.0008,1.0,0.0,1.54e-05,0.0184,0.8354,,
simcse_repro_1epoch_s42,7490,,,,,,,,0.0007,1.0,0.0,1.54e-05,0.0133,0.846,,
simcse_repro_1epoch_s42,7500,,,,,,,,0.0024,1.0,0.0,1.54e-05,0.0098,0.8368,,
simcse_repro_1epoch_s42,7510,,,,,,,,0.0005,1.0,0.0,1.54e-05,0.0071,0.8396,,
simcse_repro_1epoch_s42,7520,,,,,,,,0.002,1.0,0.0,1.53e-05,0.006,0.8366,,
simcse_repro_1epoch_s42,7530,,,,,,,,0.0012,1.0,0.0,1.53e-05,0.0032,0.8355,,
simcse_repro_1epoch_s42,7540,,,,,,,,0.0006,1.0,0.0,1.53e-05,0.0102,0.838,,
simcse_repro_1epoch_s42,7550,,,,,,,,0.01,1.0,0.0001,1.53e-05,0.0099,0.839,,
simcse_repro_1epoch_s42,7560,,,,,,,,0.0007,1.0,0.0,1.53e-05,0.0073,0.8363,,
simcse_repro_1epoch_s42,7570,,,,,,,,0.001,1.0,0.0,1.53e-05,0.006,0.8403,,
simcse_repro_1epoch_s42,7580,,,,,,,,0.0006,1.0,0.0,1.52e-05,0.0058,0.8367,,
simcse_repro_1epoch_s42,7590,,,,,,,,0.0007,1.0,0.0,1.52e-05,0.0052,0.8371,,
simcse_repro_1epoch_s42,7600,,,,,,,,0.0007,1.0,0.0,1.52e-05,0.0063,0.8397,,
simcse_repro_1epoch_s42,7610,,,,,,,,0.0023,1.0,0.0,1.52e-05,0.0073,0.8395,,
simcse_repro_1epoch_s42,7620,,,,,,,,0.002,1.0,0.0,1.52e-05,0.0018,0.8401,,
simcse_repro_1epoch_s42,7630,,,,,,,,0.0005,1.0,0.0,1.51e-05,0.0055,0.8475,,
simcse_repro_1epoch_s42,7640,,,,,,,,0.0007,1.0,0.0,1.51e-05,0.0033,0.8402,,
simcse_repro_1epoch_s42,7650,,,,,,,,0.0007,1.0,0.0,1.51e-05,0.006,0.8449,,
simcse_repro_1epoch_s42,7660,,,,,,,,0.0012,1.0,0.0,1.51e-05,0.0033,0.8314,,
simcse_repro_1epoch_s42,7670,,,,,,,,0.0005,1.0,0.0,1.51e-05,0.0005,0.8376,,
simcse_repro_1epoch_s42,7680,,,,,,,,0.0008,1.0,0.0,1.5e-05,0.0013,0.8366,,
simcse_repro_1epoch_s42,7690,,,,,,,,0.0008,1.0,0.0,1.5e-05,0.0035,0.8385,,
simcse_repro_1epoch_s42,7700,,,,,,,,0.0011,1.0,0.0,1.5e-05,0.0029,0.8361,,
simcse_bert_bs32_st1500_s42,0,,,,,,,,34.2909,0.9375,0.7187,3e-05,0.655,0.8781,,
simcse_bert_bs32_st1500_s42,10,,,,,,,,0.311,1.0,0.0057,3e-05,0.3165,0.8286,,
simcse_bert_bs32_st1500_s42,20,,,,,,,,0.1232,1.0,0.0015,3e-05,0.2503,0.831,,
simcse_bert_bs32_st1500_s42,30,,,,,,,,0.233,1.0,0.0017,3e-05,0.2025,0.8197,,
simcse_bert_bs32_st1500_s42,40,,,,,,,,0.0554,1.0,0.001,2.99e-05,0.2005,0.8394,,
simcse_bert_bs32_st1500_s42,50,,,,,,,,0.0765,1.0,0.0008,2.99e-05,0.186,0.836,,
simcse_bert_bs32_st1500_s42,60,,,,,,,,0.0707,1.0,0.0007,2.99e-05,0.1709,0.8333,,
simcse_bert_bs32_st1500_s42,70,,,,,,,,0.0336,1.0,0.0004,2.98e-05,0.1588,0.8323,,
simcse_bert_bs32_st1500_s42,80,,,,,,,,0.1929,1.0,0.0027,2.98e-05,0.1591,0.8393,,
simcse_bert_bs32_st1500_s42,90,,,,,,,,0.0884,1.0,0.0007,2.97e-05,0.1386,0.8236,,
simcse_bert_bs32_st1500_s42,100,,,,,,,,0.162,1.0,0.0017,2.97e-05,0.1392,0.8287,,
simcse_bert_bs32_st1500_s42,110,,,,,,,,0.0121,1.0,0.0003,2.96e-05,0.1288,0.823,,
simcse_bert_bs32_st1500_s42,120,,,,,,,,0.1984,1.0,0.0028,2.95e-05,0.1631,0.838,,
simcse_bert_bs32_st1500_s42,130,,,,,,,,0.0299,1.0,0.0004,2.94e-05,0.1591,0.8313,,
simcse_bert_bs32_st1500_s42,140,,,,,,,,0.013,1.0,0.0003,2.94e-05,0.1475,0.8245,,
simcse_bert_bs32_st1500_s42,150,,,,,,,,0.0335,1.0,0.0005,2.93e-05,0.1377,0.8234,,
simcse_bert_bs32_st1500_s42,160,,,,,,,,0.0285,1.0,0.0005,2.92e-05,0.1174,0.8169,,
simcse_bert_bs32_st1500_s42,170,,,,,,,,0.0361,1.0,0.0004,2.9e-05,0.1344,0.8317,,
simcse_bert_bs32_st1500_s42,180,,,,,,,,0.0215,1.0,0.0003,2.89e-05,0.1213,0.8201,,
simcse_bert_bs32_st1500_s42,190,,,,,,,,0.0351,1.0,0.0006,2.88e-05,0.1225,0.8155,,
simcse_bert_bs32_st1500_s42,200,,,,,,,,0.0077,1.0,0.0002,2.87e-05,0.1182,0.8123,,
simcse_bert_bs32_st1500_s42,210,,,,,,,,0.0796,1.0,0.0006,2.86e-05,0.1153,0.8013,,
simcse_bert_bs32_st1500_s42,220,,,,,,,,0.1796,1.0,0.0021,2.84e-05,0.1065,0.8228,,
simcse_bert_bs32_st1500_s42,230,,,,,,,,0.0108,1.0,0.0002,2.83e-05,0.106,0.819,,
simcse_bert_bs32_st1500_s42,240,,,,,,,,0.002,1.0,0.0001,2.81e-05,0.0972,0.8224,,
simcse_bert_bs32_st1500_s42,250,,,,,,,,0.0096,1.0,0.0002,2.8e-05,0.111,0.8211,,
simcse_bert_bs32_st1500_s42,260,,,,,,,,0.0259,1.0,0.0003,2.78e-05,0.0998,0.811,,
simcse_bert_bs32_st1500_s42,270,,,,,,,,0.0231,1.0,0.0003,2.76e-05,0.0929,0.8178,,
simcse_bert_bs32_st1500_s42,280,,,,,,,,0.0327,1.0,0.0005,2.75e-05,0.0733,0.8054,,
simcse_bert_bs32_st1500_s42,290,,,,,,,,0.0128,1.0,0.0002,2.73e-05,0.096,0.8083,,
simcse_bert_bs32_st1500_s42,300,,,,,,,,0.0095,1.0,0.0002,2.71e-05,0.0946,0.8228,,
simcse_bert_bs32_st1500_s42,310,,,,,,,,0.0082,1.0,0.0002,2.69e-05,0.09,0.8136,,
simcse_bert_bs32_st1500_s42,320,,,,,,,,0.0163,1.0,0.0002,2.67e-05,0.0886,0.8089,,
simcse_bert_bs32_st1500_s42,330,,,,,,,,0.023,1.0,0.0004,2.65e-05,0.0927,0.8066,,
simcse_bert_bs32_st1500_s42,340,,,,,,,,0.0861,1.0,0.0006,2.63e-05,0.0955,0.8161,,
simcse_bert_bs32_st1500_s42,350,,,,,,,,0.0486,1.0,0.0004,2.61e-05,0.0979,0.81,,
simcse_bert_bs32_st1500_s42,360,,,,,,,,0.0379,1.0,0.0003,2.59e-05,0.0875,0.7858,,
simcse_bert_bs32_st1500_s42,370,,,,,,,,0.0761,1.0,0.0005,2.57e-05,0.0825,0.8029,,
simcse_bert_bs32_st1500_s42,380,,,,,,,,0.0196,1.0,0.0003,2.55e-05,0.0845,0.8067,,
simcse_bert_bs32_st1500_s42,390,,,,,,,,0.0093,1.0,0.0001,2.52e-05,0.0889,0.811,,
simcse_bert_bs32_st1500_s42,400,,,,,,,,0.0275,1.0,0.0004,2.5e-05,0.0792,0.7934,,
simcse_bert_bs32_st1500_s42,410,,,,,,,,0.0061,1.0,0.0001,2.48e-05,0.0769,0.8047,,
simcse_bert_bs32_st1500_s42,420,,,,,,,,0.0075,1.0,0.0001,2.45e-05,0.0843,0.8021,,
simcse_bert_bs32_st1500_s42,430,,,,,,,,0.0442,1.0,0.0003,2.43e-05,0.0684,0.7966,,
simcse_bert_bs32_st1500_s42,440,,,,,,,,0.0287,1.0,0.0003,2.4e-05,0.0818,0.8074,,
simcse_bert_bs32_st1500_s42,450,,,,,,,,0.0054,1.0,0.0001,2.38e-05,0.0801,0.8011,,
simcse_bert_bs32_st1500_s42,460,,,,,,,,0.0282,1.0,0.0003,2.35e-05,0.0649,0.7994,,
simcse_bert_bs32_st1500_s42,470,,,,,,,,0.0079,1.0,0.0001,2.33e-05,0.0771,0.8089,,
simcse_bert_bs32_st1500_s42,480,,,,,,,,0.0142,1.0,0.0002,2.3e-05,0.0605,0.7956,,
simcse_bert_bs32_st1500_s42,490,,,,,,,,0.0211,1.0,0.0002,2.27e-05,0.0621,0.7955,,
simcse_bert_bs32_st1500_s42,500,,,,,,,,0.0331,1.0,0.0003,2.25e-05,0.067,0.8004,,
simcse_bert_bs32_st1500_s42,510,,,,,,,,0.024,1.0,0.0002,2.22e-05,0.069,0.807,,
simcse_bert_bs32_st1500_s42,520,,,,,,,,0.007,1.0,0.0001,2.19e-05,0.055,0.7973,,
simcse_bert_bs32_st1500_s42,530,,,,,,,,0.6723,1.0,0.0032,2.16e-05,0.0567,0.7961,,
simcse_bert_bs32_st1500_s42,540,,,,,,,,0.0031,1.0,0.0001,2.14e-05,0.0554,0.8127,,
simcse_bert_bs32_st1500_s42,550,,,,,,,,0.0138,1.0,0.0001,2.11e-05,0.0591,0.7998,,
simcse_bert_bs32_st1500_s42,560,,,,,,,,0.0146,1.0,0.0002,2.08e-05,0.0679,0.8214,,
simcse_bert_bs32_st1500_s42,570,,,,,,,,0.0199,1.0,0.0002,2.05e-05,0.0573,0.7864,,
simcse_bert_bs32_st1500_s42,580,,,,,,,,0.0109,1.0,0.0002,2.02e-05,0.0732,0.8064,,
simcse_bert_bs32_st1500_s42,590,,,,,,,,0.0052,1.0,0.0001,1.99e-05,0.0539,0.7972,,
simcse_bert_bs32_st1500_s42,600,,,,,,,,0.0036,1.0,0.0001,1.96e-05,0.0696,0.8204,,
simcse_bert_bs32_st1500_s42,610,,,,,,,,0.0224,1.0,0.0002,1.93e-05,0.0591,0.7998,,
simcse_bert_bs32_st1500_s42,620,,,,,,,,0.0199,1.0,0.0002,1.9e-05,0.053,0.7887,,
simcse_bert_bs32_st1500_s42,630,,,,,,,,0.0092,1.0,0.0001,1.87e-05,0.051,0.8034,,
simcse_bert_bs32_st1500_s42,640,,,,,,,,0.0227,1.0,0.0002,1.84e-05,0.066,0.81,,
simcse_bert_bs32_st1500_s42,650,,,,,,,,0.0031,1.0,0.0001,1.81e-05,0.0553,0.8013,,
simcse_bert_bs32_st1500_s42,660,,,,,,,,0.0365,1.0,0.0003,1.78e-05,0.0564,0.7863,,
simcse_bert_bs32_st1500_s42,670,,,,,,,,0.0035,1.0,0.0,1.75e-05,0.0553,0.8058,,
simcse_bert_bs32_st1500_s42,680,,,,,,,,0.0036,1.0,0.0001,1.72e-05,0.0587,0.8013,,
simcse_bert_bs32_st1500_s42,690,,,,,,,,0.0096,1.0,0.0001,1.68e-05,0.063,0.8038,,
simcse_bert_bs32_st1500_s42,700,,,,,,,,0.0051,1.0,0.0001,1.65e-05,0.0652,0.8076,,
simcse_bert_bs32_st1500_s42,710,,,,,,,,0.0128,1.0,0.0002,1.62e-05,0.0651,0.8083,,
simcse_bert_bs32_st1500_s42,720,,,,,,,,0.0797,1.0,0.0004,1.59e-05,0.0826,0.8058,,
simcse_bert_bs32_st1500_s42,730,,,,,,,,1.6905,1.0,0.0265,1.56e-05,0.0572,0.8021,,
simcse_bert_bs32_st1500_s42,740,,,,,,,,0.0034,1.0,0.0001,1.53e-05,0.0749,0.8145,,
simcse_bert_bs32_st1500_s42,750,,,,,,,,0.0092,1.0,0.0001,1.5e-05,0.0868,0.8048,,
simcse_bert_bs32_st1500_s42,760,,,,,,,,0.0324,1.0,0.0002,1.47e-05,0.0657,0.7968,,
simcse_bert_bs32_st1500_s42,770,,,,,,,,0.0077,1.0,0.0001,1.43e-05,0.0653,0.8019,,
simcse_bert_bs32_st1500_s42,780,,,,,,,,0.0103,1.0,0.0002,1.4e-05,0.0652,0.8078,,
simcse_bert_bs32_st1500_s42,790,,,,,,,,0.0166,1.0,0.0002,1.37e-05,0.056,0.8134,,
simcse_bert_bs32_st1500_s42,800,,,,,,,,0.0048,1.0,0.0001,1.34e-05,0.0627,0.7996,,
simcse_bert_bs32_st1500_s42,810,,,,,,,,0.0024,1.0,0.0001,1.31e-05,0.0601,0.7887,,
simcse_bert_bs32_st1500_s42,820,,,,,,,,0.0056,1.0,0.0001,1.28e-05,0.0607,0.8191,,
simcse_bert_bs32_st1500_s42,830,,,,,,,,0.0032,1.0,0.0001,1.25e-05,0.0586,0.7872,,
simcse_bert_bs32_st1500_s42,840,,,,,,,,0.0028,1.0,0.0001,1.22e-05,0.064,0.8059,,
simcse_bert_bs32_st1500_s42,850,,,,,,,,0.1446,1.0,0.0012,1.19e-05,0.0575,0.8017,,
simcse_bert_bs32_st1500_s42,860,,,,,,,,0.0076,1.0,0.0001,1.15e-05,0.0592,0.7955,,
simcse_bert_bs32_st1500_s42,870,,,,,,,,0.0015,1.0,0.0,1.12e-05,0.0561,0.8024,,
simcse_bert_bs32_st1500_s42,880,,,,,,,,0.0052,1.0,0.0001,1.09e-05,0.0538,0.8022,,
simcse_bert_bs32_st1500_s42,890,,,,,,,,0.0032,1.0,0.0001,1.06e-05,0.0616,0.7991,,
simcse_bert_bs32_st1500_s42,900,,,,,,,,0.0035,1.0,0.0001,1.03e-05,0.0477,0.8082,,
simcse_bert_bs32_st1500_s42,910,,,,,,,,0.003,1.0,0.0001,1e-05,0.0514,0.8006,,
simcse_bert_bs32_st1500_s42,920,,,,,,,,0.0026,1.0,0.0001,9.74e-06,0.0638,0.8056,,
simcse_bert_bs32_st1500_s42,930,,,,,,,,0.0053,1.0,0.0001,9.45e-06,0.0575,0.7852,,
simcse_bert_bs32_st1500_s42,940,,,,,,,,0.0082,1.0,0.0001,9.16e-06,0.066,0.8185,,
simcse_bert_bs32_st1500_s42,950,,,,,,,,0.0093,1.0,0.0001,8.87e-06,0.0496,0.7957,,
simcse_bert_bs32_st1500_s42,960,,,,,,,,0.0116,1.0,0.0001,8.58e-06,0.052,0.7809,,
simcse_bert_bs32_st1500_s42,970,,,,,,,,0.0099,1.0,0.0001,8.3e-06,0.0491,0.7966,,
simcse_bert_bs32_st1500_s42,980,,,,,,,,0.0051,1.0,0.0001,8.02e-06,0.051,0.8042,,
simcse_bert_bs32_st1500_s42,990,,,,,,,,0.0026,1.0,0.0001,7.75e-06,0.0522,0.7964,,
simcse_bert_bs32_st1500_s42,1000,,,,,,,,0.004,1.0,0.0001,7.47e-06,0.0546,0.7893,,
simcse_bert_bs32_st1500_s42,1010,,,,,,,,0.002,1.0,0.0,7.2e-06,0.0453,0.8036,,
simcse_bert_bs32_st1500_s42,1020,,,,,,,,0.0026,1.0,0.0001,6.94e-06,0.0432,0.8041,,
simcse_bert_bs32_st1500_s42,1030,,,,,,,,0.0115,1.0,0.0001,6.67e-06,0.0561,0.7948,,
simcse_bert_bs32_st1500_s42,1040,,,,,,,,0.0211,1.0,0.0002,6.41e-06,0.049,0.7808,,
simcse_bert_bs32_st1500_s42,1050,,,,,,,,0.0043,1.0,0.0001,6.16e-06,0.0499,0.791,,
simcse_bert_bs32_st1500_s42,1060,,,,,,,,0.0047,1.0,0.0001,5.91e-06,0.0508,0.8048,,
simcse_bert_bs32_st1500_s42,1070,,,,,,,,0.0222,1.0,0.0001,5.66e-06,0.0545,0.8028,,
simcse_bert_bs32_st1500_s42,1080,,,,,,,,0.017,1.0,0.0002,5.41e-06,0.0553,0.7952,,
simcse_bert_bs32_st1500_s42,1090,,,,,,,,0.005,1.0,0.0001,5.17e-06,0.0483,0.8032,,
simcse_bert_bs32_st1500_s42,1100,,,,,,,,0.0486,1.0,0.0003,4.94e-06,0.0512,0.8016,,
simcse_bert_bs32_st1500_s42,1110,,,,,,,,0.0127,1.0,0.0002,4.71e-06,0.0503,0.7973,,
simcse_bert_bs32_st1500_s42,1120,,,,,,,,0.0279,1.0,0.0002,4.48e-06,0.0527,0.7893,,
simcse_bert_bs32_st1500_s42,1130,,,,,,,,0.0012,1.0,0.0,4.26e-06,0.0434,0.8096,,
simcse_bert_bs32_st1500_s42,1140,,,,,,,,0.0013,1.0,0.0,4.04e-06,0.0547,0.8137,,
simcse_bert_bs32_st1500_s42,1150,,,,,,,,0.0036,1.0,0.0001,3.83e-06,0.0485,0.8048,,
simcse_bert_bs32_st1500_s42,1160,,,,,,,,0.0179,1.0,0.0002,3.62e-06,0.0474,0.7954,,
simcse_bert_bs32_st1500_s42,1170,,,,,,,,0.0048,1.0,0.0001,3.42e-06,0.0446,0.7894,,
simcse_bert_bs32_st1500_s42,1180,,,,,,,,0.0052,1.0,0.0001,3.23e-06,0.0416,0.8016,,
simcse_bert_bs32_st1500_s42,1190,,,,,,,,0.0704,1.0,0.0004,3.03e-06,0.0464,0.7973,,
simcse_bert_bs32_st1500_s42,1200,,,,,,,,0.0123,1.0,0.0001,2.85e-06,0.0433,0.8013,,
simcse_bert_bs32_st1500_s42,1210,,,,,,,,0.0024,1.0,0.0,2.66e-06,0.0476,0.8037,,
simcse_bert_bs32_st1500_s42,1220,,,,,,,,0.0082,1.0,0.0001,2.49e-06,0.0519,0.8049,,
simcse_bert_bs32_st1500_s42,1230,,,,,,,,0.0035,1.0,0.0001,2.32e-06,0.0432,0.7959,,
simcse_bert_bs32_st1500_s42,1240,,,,,,,,0.0079,1.0,0.0001,2.15e-06,0.0479,0.7825,,
simcse_bert_bs32_st1500_s42,1250,,,,,,,,0.0062,1.0,0.0001,1.99e-06,0.0434,0.8083,,
simcse_bert_bs32_st1500_s42,1260,,,,,,,,0.0017,1.0,0.0,1.84e-06,0.0514,0.817,,
simcse_bert_bs32_st1500_s42,1270,,,,,,,,0.0043,1.0,0.0001,1.69e-06,0.0491,0.8021,,
simcse_bert_bs32_st1500_s42,1280,,,,,,,,0.0035,1.0,0.0001,1.55e-06,0.0478,0.7972,,
simcse_bert_bs32_st1500_s42,1290,,,,,,,,0.0027,1.0,0.0001,1.41e-06,0.04,0.7894,,
simcse_bert_bs32_st1500_s42,1300,,,,,,,,0.0038,1.0,0.0001,1.28e-06,0.0438,0.8009,,
simcse_bert_bs32_st1500_s42,1310,,,,,,,,0.5138,1.0,0.002,1.16e-06,0.0443,0.7893,,
simcse_bert_bs32_st1500_s42,1320,,,,,,,,0.0139,1.0,0.0002,1.04e-06,0.0491,0.8027,,
simcse_bert_bs32_st1500_s42,1330,,,,,,,,0.0016,1.0,0.0,9.3e-07,0.0413,0.8052,,
simcse_bert_bs32_st1500_s42,1340,,,,,,,,0.0081,1.0,0.0001,8.24e-07,0.0445,0.7982,,
simcse_bert_bs32_st1500_s42,1350,,,,,,,,0.002,1.0,0.0,7.24e-07,0.0463,0.8125,,
simcse_bert_bs32_st1500_s42,1360,,,,,,,,1.807,1.0,0.0105,6.31e-07,0.0592,0.7984,,
simcse_bert_bs32_st1500_s42,1370,,,,,,,,0.0043,1.0,0.0001,5.44e-07,0.0518,0.8133,,
simcse_bert_bs32_st1500_s42,1380,,,,,,,,0.0136,1.0,0.0001,4.63e-07,0.0386,0.7961,,
simcse_bert_bs32_st1500_s42,1390,,,,,,,,0.0195,1.0,0.0001,3.89e-07,0.0484,0.8048,,
simcse_bert_bs32_st1500_s42,1400,,,,,,,,0.0039,1.0,0.0001,3.21e-07,0.0501,0.7977,,
simcse_bert_bs32_st1500_s42,1410,,,,,,,,0.036,1.0,0.0003,2.6e-07,0.0509,0.7899,,
simcse_bert_bs32_st1500_s42,1420,,,,,,,,0.0015,1.0,0.0,2.05e-07,0.0441,0.7994,,
simcse_bert_bs32_st1500_s42,1430,,,,,,,,0.0017,1.0,0.0,1.56e-07,0.046,0.8131,,
simcse_bert_bs32_st1500_s42,1440,,,,,,,,0.0017,1.0,0.0,1.14e-07,0.0571,0.8037,,
simcse_bert_bs32_st1500_s42,1450,,,,,,,,0.0048,1.0,0.0001,7.89e-08,0.0492,0.7985,,
simcse_bert_bs32_st1500_s42,1460,,,,,,,,0.0078,1.0,0.0001,5e-08,0.0385,0.8017,,
simcse_bert_bs32_st1500_s42,1470,,,,,,,,0.0218,1.0,0.0002,2.77e-08,0.0537,0.7895,,
simcse_bert_bs32_st1500_s42,1480,,,,,,,,0.0026,1.0,0.0,1.19e-08,0.0436,0.8078,,
simcse_bert_bs32_st1500_s42,1490,,,,,,,,0.0069,1.0,0.0001,2.66e-09,0.0429,0.8025,,
simcse_bert_bs32_st1500_s42,1499,,,,,,,,0.0065,1.0,0.0001,0.0,0.0462,0.801,,
simcse_bert_bs32_st1500_s43,0,,,,,,,,24.872,0.9062,0.7799,3e-05,0.6028,0.8689,,
simcse_bert_bs32_st1500_s43,10,,,,,,,,0.3358,1.0,0.0072,3e-05,0.3007,0.8236,,
simcse_bert_bs32_st1500_s43,20,,,,,,,,0.048,1.0,0.001,3e-05,0.2183,0.8261,,
simcse_bert_bs32_st1500_s43,30,,,,,,,,0.0265,1.0,0.0006,3e-05,0.1867,0.8177,,
simcse_bert_bs32_st1500_s43,40,,,,,,,,6.3347,1.0,0.0161,2.99e-05,0.1583,0.8178,,
simcse_bert_bs32_st1500_s43,50,,,,,,,,0.0536,1.0,0.0005,2.99e-05,0.1397,0.8279,,
simcse_bert_bs32_st1500_s43,60,,,,,,,,0.326,1.0,0.0035,2.99e-05,0.1346,0.8147,,
simcse_bert_bs32_st1500_s43,70,,,,,,,,0.0828,1.0,0.0005,2.98e-05,0.1336,0.8268,,
simcse_bert_bs32_st1500_s43,80,,,,,,,,0.0293,1.0,0.0003,2.98e-05,0.1304,0.8037,,
simcse_bert_bs32_st1500_s43,90,,,,,,,,0.007,1.0,0.0002,2.97e-05,0.1237,0.8196,,
simcse_bert_bs32_st1500_s43,100,,,,,,,,0.0184,1.0,0.0003,2.97e-05,0.1141,0.8166,,
simcse_bert_bs32_st1500_s43,110,,,,,,,,0.0233,1.0,0.0002,2.96e-05,0.1052,0.8279,,
simcse_bert_bs32_st1500_s43,120,,,,,,,,0.0196,1.0,0.0002,2.95e-05,0.107,0.8138,,
simcse_bert_bs32_st1500_s43,130,,,,,,,,0.0109,1.0,0.0002,2.94e-05,0.1024,0.8188,,
simcse_bert_bs32_st1500_s43,140,,,,,,,,0.0066,1.0,0.0001,2.94e-05,0.0975,0.8135,,
simcse_bert_bs32_st1500_s43,150,,,,,,,,0.0276,1.0,0.0004,2.93e-05,0.09,0.8115,,
simcse_bert_bs32_st1500_s43,160,,,,,,,,0.0446,1.0,0.0005,2.92e-05,0.1043,0.8155,,
simcse_bert_bs32_st1500_s43,170,,,,,,,,0.0117,1.0,0.0002,2.9e-05,0.0934,0.8107,,
simcse_bert_bs32_st1500_s43,180,,,,,,,,0.0373,1.0,0.0002,2.89e-05,0.0974,0.8043,,
simcse_bert_bs32_st1500_s43,190,,,,,,,,0.012,1.0,0.0002,2.88e-05,0.0959,0.8099,,
simcse_bert_bs32_st1500_s43,200,,,,,,,,0.0083,1.0,0.0001,2.87e-05,0.0982,0.8126,,
simcse_bert_bs32_st1500_s43,210,,,,,,,,0.0032,1.0,0.0001,2.86e-05,0.0938,0.8238,,
simcse_bert_bs32_st1500_s43,220,,,,,,,,0.0059,1.0,0.0001,2.84e-05,0.0954,0.8146,,
simcse_bert_bs32_st1500_s43,230,,,,,,,,0.0597,1.0,0.0004,2.83e-05,0.0961,0.8073,,
simcse_bert_bs32_st1500_s43,240,,,,,,,,0.0924,1.0,0.0004,2.81e-05,0.1027,0.8186,,
simcse_bert_bs32_st1500_s43,250,,,,,,,,0.02,1.0,0.0003,2.8e-05,0.108,0.8304,,
simcse_bert_bs32_st1500_s43,260,,,,,,,,0.0475,1.0,0.0003,2.78e-05,0.0966,0.8284,,
simcse_bert_bs32_st1500_s43,270,,,,,,,,0.0109,1.0,0.0001,2.76e-05,0.0897,0.8216,,
simcse_bert_bs32_st1500_s43,280,,,,,,,,0.0063,1.0,0.0001,2.75e-05,0.1026,0.8268,,
simcse_bert_bs32_st1500_s43,290,,,,,,,,0.0051,1.0,0.0001,2.73e-05,0.0821,0.812,,
simcse_bert_bs32_st1500_s43,300,,,,,,,,0.0147,1.0,0.0003,2.71e-05,0.0835,0.8269,,
simcse_bert_bs32_st1500_s43,310,,,,,,,,0.0105,1.0,0.0001,2.69e-05,0.0979,0.8161,,
simcse_bert_bs32_st1500_s43,320,,,,,,,,0.0123,1.0,0.0001,2.67e-05,0.081,0.8206,,
simcse_bert_bs32_st1500_s43,330,,,,,,,,0.0122,1.0,0.0002,2.65e-05,0.0834,0.8137,,
simcse_bert_bs32_st1500_s43,340,,,,,,,,0.0434,1.0,0.0004,2.63e-05,0.0788,0.8057,,
simcse_bert_bs32_st1500_s43,350,,,,,,,,0.0183,1.0,0.0002,2.61e-05,0.0911,0.8186,,
simcse_bert_bs32_st1500_s43,360,,,,,,,,0.0134,1.0,0.0001,2.59e-05,0.0722,0.8139,,
simcse_bert_bs32_st1500_s43,370,,,,,,,,0.0187,1.0,0.0002,2.57e-05,0.0855,0.8096,,
simcse_bert_bs32_st1500_s43,380,,,,,,,,0.0033,1.0,0.0001,2.55e-05,0.0804,0.8198,,
simcse_bert_bs32_st1500_s43,390,,,,,,,,0.012,1.0,0.0002,2.52e-05,0.0895,0.8218,,
simcse_bert_bs32_st1500_s43,400,,,,,,,,0.0091,1.0,0.0001,2.5e-05,0.068,0.8103,,
simcse_bert_bs32_st1500_s43,410,,,,,,,,0.0022,1.0,0.0001,2.48e-05,0.0739,0.8182,,
simcse_bert_bs32_st1500_s43,420,,,,,,,,0.0852,1.0,0.0003,2.45e-05,0.0692,0.8156,,
simcse_bert_bs32_st1500_s43,430,,,,,,,,0.0049,1.0,0.0001,2.43e-05,0.0692,0.8249,,
simcse_bert_bs32_st1500_s43,440,,,,,,,,0.0112,1.0,0.0001,2.4e-05,0.0714,0.8072,,
simcse_bert_bs32_st1500_s43,450,,,,,,,,0.0205,1.0,0.0002,2.38e-05,0.0643,0.8147,,
simcse_bert_bs32_st1500_s43,460,,,,,,,,0.0036,1.0,0.0001,2.35e-05,0.0705,0.7993,,
simcse_bert_bs32_st1500_s43,470,,,,,,,,0.0083,1.0,0.0001,2.33e-05,0.0663,0.8059,,
simcse_bert_bs32_st1500_s43,480,,,,,,,,0.0055,1.0,0.0001,2.3e-05,0.077,0.8151,,
simcse_bert_bs32_st1500_s43,490,,,,,,,,0.0077,1.0,0.0001,2.27e-05,0.066,0.8126,,
simcse_bert_bs32_st1500_s43,500,,,,,,,,0.0039,1.0,0.0001,2.25e-05,0.0682,0.8068,,
simcse_bert_bs32_st1500_s43,510,,,,,,,,0.0125,1.0,0.0001,2.22e-05,0.0637,0.8021,,
simcse_bert_bs32_st1500_s43,520,,,,,,,,0.0779,1.0,0.0004,2.19e-05,0.069,0.8015,,
simcse_bert_bs32_st1500_s43,530,,,,,,,,0.369,1.0,0.0019,2.16e-05,0.0615,0.7934,,
simcse_bert_bs32_st1500_s43,540,,,,,,,,0.003,1.0,0.0001,2.14e-05,0.0619,0.817,,
simcse_bert_bs32_st1500_s43,550,,,,,,,,0.0355,1.0,0.0003,2.11e-05,0.066,0.8193,,
simcse_bert_bs32_st1500_s43,560,,,,,,,,0.0155,1.0,0.0001,2.08e-05,0.0524,0.8143,,
simcse_bert_bs32_st1500_s43,570,,,,,,,,0.0604,1.0,0.0005,2.05e-05,0.0654,0.8249,,
simcse_bert_bs32_st1500_s43,580,,,,,,,,0.0048,1.0,0.0001,2.02e-05,0.0534,0.813,,
simcse_bert_bs32_st1500_s43,590,,,,,,,,0.0621,1.0,0.0003,1.99e-05,0.0562,0.8227,,
simcse_bert_bs32_st1500_s43,600,,,,,,,,0.9725,1.0,0.0126,1.96e-05,0.0613,0.8129,,
simcse_bert_bs32_st1500_s43,610,,,,,,,,0.0021,1.0,0.0,1.93e-05,0.0541,0.8098,,
simcse_bert_bs32_st1500_s43,620,,,,,,,,0.0112,1.0,0.0001,1.9e-05,0.0462,0.8109,,
simcse_bert_bs32_st1500_s43,630,,,,,,,,0.0041,1.0,0.0001,1.87e-05,0.0591,0.8086,,
simcse_bert_bs32_st1500_s43,640,,,,,,,,0.0108,1.0,0.0001,1.84e-05,0.0611,0.7996,,
simcse_bert_bs32_st1500_s43,650,,,,,,,,0.0059,1.0,0.0001,1.81e-05,0.0709,0.8024,,
simcse_bert_bs32_st1500_s43,660,,,,,,,,0.0069,1.0,0.0001,1.78e-05,0.0813,0.7983,,
simcse_bert_bs32_st1500_s43,670,,,,,,,,0.0065,1.0,0.0001,1.75e-05,0.0787,0.8033,,
simcse_bert_bs32_st1500_s43,680,,,,,,,,0.0071,1.0,0.0001,1.72e-05,0.0773,0.8033,,
simcse_bert_bs32_st1500_s43,690,,,,,,,,0.1207,1.0,0.0012,1.68e-05,0.081,0.8079,,
simcse_bert_bs32_st1500_s43,700,,,,,,,,0.0039,1.0,0.0001,1.65e-05,0.0793,0.8054,,
simcse_bert_bs32_st1500_s43,710,,,,,,,,0.003,1.0,0.0001,1.62e-05,0.0667,0.8041,,
simcse_bert_bs32_st1500_s43,720,,,,,,,,0.0217,1.0,0.0002,1.59e-05,0.0735,0.8085,,
simcse_bert_bs32_st1500_s43,730,,,,,,,,0.0034,1.0,0.0001,1.56e-05,0.0625,0.7997,,
simcse_bert_bs32_st1500_s43,740,,,,,,,,0.2273,1.0,0.0009,1.53e-05,0.0574,0.8083,,
simcse_bert_bs32_st1500_s43,750,,,,,,,,0.0141,1.0,0.0002,1.5e-05,0.0672,0.7906,,
simcse_bert_bs32_st1500_s43,760,,,,,,,,0.0106,1.0,0.0001,1.47e-05,0.064,0.7922,,
simcse_bert_bs32_st1500_s43,770,,,,,,,,0.0105,1.0,0.0002,1.43e-05,0.0749,0.8086,,
simcse_bert_bs32_st1500_s43,780,,,,,,,,0.0067,1.0,0.0001,1.4e-05,0.0535,0.7869,,
simcse_bert_bs32_st1500_s43,790,,,,,,,,0.0248,1.0,0.0002,1.37e-05,0.0612,0.8075,,
simcse_bert_bs32_st1500_s43,800,,,,,,,,0.0073,1.0,0.0001,1.34e-05,0.0585,0.7913,,
simcse_bert_bs32_st1500_s43,810,,,,,,,,0.0097,1.0,0.0002,1.31e-05,0.0674,0.8157,,
simcse_bert_bs32_st1500_s43,820,,,,,,,,0.0216,1.0,0.0002,1.28e-05,0.0668,0.8018,,
simcse_bert_bs32_st1500_s43,830,,,,,,,,0.0144,1.0,0.0001,1.25e-05,0.0528,0.7997,,
simcse_bert_bs32_st1500_s43,840,,,,,,,,0.0161,1.0,0.0002,1.22e-05,0.0702,0.7969,,
simcse_bert_bs32_st1500_s43,850,,,,,,,,0.0081,1.0,0.0001,1.19e-05,0.0541,0.7998,,
simcse_bert_bs32_st1500_s43,860,,,,,,,,0.0057,1.0,0.0001,1.15e-05,0.0502,0.7952,,
simcse_bert_bs32_st1500_s43,870,,,,,,,,0.0109,1.0,0.0002,1.12e-05,0.0716,0.8102,,
simcse_bert_bs32_st1500_s43,880,,,,,,,,0.0061,1.0,0.0001,1.09e-05,0.0713,0.8149,,
simcse_bert_bs32_st1500_s43,890,,,,,,,,0.0067,1.0,0.0001,1.06e-05,0.0546,0.7973,,
simcse_bert_bs32_st1500_s43,900,,,,,,,,0.009,1.0,0.0001,1.03e-05,0.0574,0.8083,,
simcse_bert_bs32_st1500_s43,910,,,,,,,,0.0034,1.0,0.0001,1e-05,0.0569,0.8128,,
simcse_bert_bs32_st1500_s43,920,,,,,,,,0.0017,1.0,0.0,9.74e-06,0.0511,0.8168,,
simcse_bert_bs32_st1500_s43,930,,,,,,,,0.0039,1.0,0.0001,9.45e-06,0.0531,0.8058,,
simcse_bert_bs32_st1500_s43,940,,,,,,,,0.0027,1.0,0.0001,9.16e-06,0.0563,0.8019,,
simcse_bert_bs32_st1500_s43,950,,,,,,,,0.0038,1.0,0.0001,8.87e-06,0.0521,0.8094,,
simcse_bert_bs32_st1500_s43,960,,,,,,,,0.0081,1.0,0.0001,8.58e-06,0.0567,0.7974,,
simcse_bert_bs32_st1500_s43,970,,,,,,,,0.0217,1.0,0.0002,8.3e-06,0.0479,0.8203,,
simcse_bert_bs32_st1500_s43,980,,,,,,,,0.0036,1.0,0.0001,8.02e-06,0.0541,0.8313,,
simcse_bert_bs32_st1500_s43,990,,,,,,,,0.0396,1.0,0.0004,7.75e-06,0.0561,0.8037,,
simcse_bert_bs32_st1500_s43,1000,,,,,,,,0.0118,1.0,0.0001,7.47e-06,0.0573,0.8133,,
simcse_bert_bs32_st1500_s43,1010,,,,,,,,0.0449,1.0,0.0004,7.2e-06,0.0569,0.7996,,
simcse_bert_bs32_st1500_s43,1020,,,,,,,,0.0059,1.0,0.0001,6.94e-06,0.0617,0.8181,,
simcse_bert_bs32_st1500_s43,1030,,,,,,,,0.0058,1.0,0.0001,6.67e-06,0.058,0.8127,,
simcse_bert_bs32_st1500_s43,1040,,,,,,,,0.0365,1.0,0.0003,6.41e-06,0.0502,0.8053,,
simcse_bert_bs32_st1500_s43,1050,,,,,,,,0.0204,1.0,0.0002,6.16e-06,0.0489,0.8109,,
simcse_bert_bs32_st1500_s43,1060,,,,,,,,0.0035,1.0,0.0001,5.91e-06,0.0544,0.8186,,
simcse_bert_bs32_st1500_s43,1070,,,,,,,,0.0105,1.0,0.0001,5.66e-06,0.0453,0.8131,,
simcse_bert_bs32_st1500_s43,1080,,,,,,,,0.0035,1.0,0.0001,5.41e-06,0.0461,0.8025,,
simcse_bert_bs32_st1500_s43,1090,,,,,,,,0.0095,1.0,0.0001,5.17e-06,0.0589,0.8125,,
simcse_bert_bs32_st1500_s43,1100,,,,,,,,0.0018,1.0,0.0,4.94e-06,0.0493,0.8014,,
simcse_bert_bs32_st1500_s43,1110,,,,,,,,0.0035,1.0,0.0001,4.71e-06,0.0408,0.8088,,
simcse_bert_bs32_st1500_s43,1120,,,,,,,,0.0011,1.0,0.0,4.48e-06,0.0431,0.8079,,
simcse_bert_bs32_st1500_s43,1130,,,,,,,,0.0042,1.0,0.0001,4.26e-06,0.0479,0.8081,,
simcse_bert_bs32_st1500_s43,1140,,,,,,,,0.0133,1.0,0.0001,4.04e-06,0.0461,0.8105,,
simcse_bert_bs32_st1500_s43,1150,,,,,,,,0.003,1.0,0.0001,3.83e-06,0.0482,0.8042,,
simcse_bert_bs32_st1500_s43,1160,,,,,,,,0.0099,1.0,0.0001,3.62e-06,0.0405,0.7977,,
simcse_bert_bs32_st1500_s43,1170,,,,,,,,0.0046,1.0,0.0001,3.42e-06,0.0489,0.8096,,
simcse_bert_bs32_st1500_s43,1180,,,,,,,,0.0009,1.0,0.0,3.23e-06,0.0399,0.8131,,
simcse_bert_bs32_st1500_s43,1190,,,,,,,,0.0137,1.0,0.0001,3.03e-06,0.0554,0.8203,,
simcse_bert_bs32_st1500_s43,1200,,,,,,,,0.002,1.0,0.0,2.85e-06,0.047,0.8097,,
simcse_bert_bs32_st1500_s43,1210,,,,,,,,0.0277,1.0,0.0003,2.66e-06,0.0465,0.8117,,
simcse_bert_bs32_st1500_s43,1220,,,,,,,,0.0029,1.0,0.0001,2.49e-06,0.0431,0.8012,,
simcse_bert_bs32_st1500_s43,1230,,,,,,,,0.0104,1.0,0.0001,2.32e-06,0.0469,0.8159,,
simcse_bert_bs32_st1500_s43,1240,,,,,,,,0.002,1.0,0.0,2.15e-06,0.043,0.8017,,
simcse_bert_bs32_st1500_s43,1250,,,,,,,,0.0025,1.0,0.0,1.99e-06,0.0509,0.8144,,
simcse_bert_bs32_st1500_s43,1260,,,,,,,,0.0046,1.0,0.0001,1.84e-06,0.0467,0.7981,,
simcse_bert_bs32_st1500_s43,1270,,,,,,,,0.0038,1.0,0.0001,1.69e-06,0.0526,0.8131,,
simcse_bert_bs32_st1500_s43,1280,,,,,,,,0.0017,1.0,0.0,1.55e-06,0.0452,0.8072,,
simcse_bert_bs32_st1500_s43,1290,,,,,,,,0.0453,1.0,0.0004,1.41e-06,0.0492,0.8067,,
simcse_bert_bs32_st1500_s43,1300,,,,,,,,0.0418,1.0,0.0003,1.28e-06,0.0447,0.8072,,
simcse_bert_bs32_st1500_s43,1310,,,,,,,,0.0025,1.0,0.0,1.16e-06,0.0392,0.8091,,
simcse_bert_bs32_st1500_s43,1320,,,,,,,,0.0098,1.0,0.0001,1.04e-06,0.0506,0.8085,,
simcse_bert_bs32_st1500_s43,1330,,,,,,,,0.0037,1.0,0.0001,9.3e-07,0.0466,0.8201,,
simcse_bert_bs32_st1500_s43,1340,,,,,,,,0.0065,1.0,0.0001,8.24e-07,0.0465,0.8112,,
simcse_bert_bs32_st1500_s43,1350,,,,,,,,0.0019,1.0,0.0,7.24e-07,0.043,0.8112,,
simcse_bert_bs32_st1500_s43,1360,,,,,,,,0.0029,1.0,0.0001,6.31e-07,0.0382,0.8016,,
simcse_bert_bs32_st1500_s43,1370,,,,,,,,0.0089,1.0,0.0001,5.44e-07,0.0422,0.7981,,
simcse_bert_bs32_st1500_s43,1380,,,,,,,,0.0095,1.0,0.0001,4.63e-07,0.0417,0.8078,,
simcse_bert_bs32_st1500_s43,1390,,,,,,,,0.0035,1.0,0.0001,3.89e-07,0.0429,0.8098,,
simcse_bert_bs32_st1500_s43,1400,,,,,,,,0.0048,1.0,0.0001,3.21e-07,0.0427,0.808,,
simcse_bert_bs32_st1500_s43,1410,,,,,,,,0.0029,1.0,0.0001,2.6e-07,0.0397,0.8048,,
simcse_bert_bs32_st1500_s43,1420,,,,,,,,0.0122,1.0,0.0001,2.05e-07,0.0488,0.8132,,
simcse_bert_bs32_st1500_s43,1430,,,,,,,,0.0021,1.0,0.0,1.56e-07,0.0488,0.814,,
simcse_bert_bs32_st1500_s43,1440,,,,,,,,0.0133,1.0,0.0001,1.14e-07,0.047,0.8078,,
simcse_bert_bs32_st1500_s43,1450,,,,,,,,0.001,1.0,0.0,7.89e-08,0.0346,0.8057,,
simcse_bert_bs32_st1500_s43,1460,,,,,,,,0.0077,1.0,0.0001,5e-08,0.0443,0.8064,,
simcse_bert_bs32_st1500_s43,1470,,,,,,,,0.0052,1.0,0.0001,2.77e-08,0.0506,0.8086,,
simcse_bert_bs32_st1500_s43,1480,,,,,,,,0.0033,1.0,0.0001,1.19e-08,0.0397,0.8138,,
simcse_bert_bs32_st1500_s43,1490,,,,,,,,0.001,1.0,0.0,2.66e-09,0.0458,0.8161,,
simcse_bert_bs32_st1500_s43,1499,,,,,,,,0.0185,1.0,0.0002,0.0,0.0498,0.8102,,
simcse_bert_bs64_st750_s42,0,,,,,,,,37.9158,0.875,1.0685,3e-05,0.5987,0.8477,,
simcse_bert_bs64_st750_s42,10,,,,,,,,0.237,1.0,0.0059,3e-05,0.2932,0.8325,,
simcse_bert_bs64_st750_s42,20,,,,,,,,0.0985,1.0,0.0026,2.99e-05,0.21,0.8307,,
simcse_bert_bs64_st750_s42,30,,,,,,,,0.4228,1.0,0.0058,2.99e-05,0.1733,0.8148,,
simcse_bert_bs64_st750_s42,40,,,,,,,,0.3612,1.0,0.0039,2.98e-05,0.1598,0.8242,,
simcse_bert_bs64_st750_s42,50,,,,,,,,0.0689,1.0,0.0011,2.97e-05,0.138,0.8208,,
simcse_bert_bs64_st750_s42,60,,,,,,,,0.2708,1.0,0.0038,2.95e-05,0.1304,0.8255,,
simcse_bert_bs64_st750_s42,70,,,,,,,,0.1426,1.0,0.0022,2.93e-05,0.1279,0.8217,,
simcse_bert_bs64_st750_s42,80,,,,,,,,4.1338,0.9844,0.09,2.91e-05,0.1194,0.8097,,
simcse_bert_bs64_st750_s42,90,,,,,,,,0.0347,1.0,0.0007,2.89e-05,0.1282,0.8197,,
simcse_bert_bs64_st750_s42,100,,,,,,,,0.2834,1.0,0.0022,2.87e-05,0.1236,0.822,,
simcse_bert_bs64_st750_s42,110,,,,,,,,0.1153,1.0,0.0016,2.84e-05,0.1079,0.8216,,
simcse_bert_bs64_st750_s42,120,,,,,,,,0.044,1.0,0.0008,2.81e-05,0.1158,0.8207,,
simcse_bert_bs64_st750_s42,130,,,,,,,,0.0311,1.0,0.0006,2.78e-05,0.108,0.8154,,
simcse_bert_bs64_st750_s42,140,,,,,,,,0.1138,1.0,0.0008,2.75e-05,0.0932,0.8195,,
simcse_bert_bs64_st750_s42,150,,,,,,,,0.0465,1.0,0.0006,2.71e-05,0.1053,0.8125,,
simcse_bert_bs64_st750_s42,160,,,,,,,,0.0219,1.0,0.0005,2.67e-05,0.0866,0.8098,,
simcse_bert_bs64_st750_s42,170,,,,,,,,0.4778,1.0,0.0046,2.63e-05,0.0958,0.8143,,
simcse_bert_bs64_st750_s42,180,,,,,,,,0.0177,1.0,0.0003,2.59e-05,0.0862,0.8076,,
simcse_bert_bs64_st750_s42,190,,,,,,,,0.0173,1.0,0.0003,2.54e-05,0.0883,0.8212,,
simcse_bert_bs64_st750_s42,200,,,,,,,,0.3773,1.0,0.0025,2.5e-05,0.0859,0.8109,,
simcse_bert_bs64_st750_s42,210,,,,,,,,0.0261,1.0,0.0005,2.45e-05,0.0874,0.8082,,
simcse_bert_bs64_st750_s42,220,,,,,,,,0.0248,1.0,0.0004,2.4e-05,0.0888,0.8172,,
simcse_bert_bs64_st750_s42,230,,,,,,,,0.01,1.0,0.0003,2.35e-05,0.0716,0.8116,,
simcse_bert_bs64_st750_s42,240,,,,,,,,0.0495,1.0,0.0005,2.3e-05,0.0732,0.8033,,
simcse_bert_bs64_st750_s42,250,,,,,,,,0.0158,1.0,0.0004,2.24e-05,0.083,0.8145,,
simcse_bert_bs64_st750_s42,260,,,,,,,,0.0153,1.0,0.0004,2.19e-05,0.0783,0.8069,,
simcse_bert_bs64_st750_s42,270,,,,,,,,0.0612,1.0,0.0008,2.13e-05,0.0694,0.8129,,
simcse_bert_bs64_st750_s42,280,,,,,,,,0.1569,1.0,0.0006,2.08e-05,0.083,0.8176,,
simcse_bert_bs64_st750_s42,290,,,,,,,,0.0909,1.0,0.0011,2.02e-05,0.0818,0.8112,,
simcse_bert_bs64_st750_s42,300,,,,,,,,0.0463,1.0,0.0006,1.96e-05,0.0798,0.8166,,
simcse_bert_bs64_st750_s42,310,,,,,,,,0.0173,1.0,0.0003,1.9e-05,0.0626,0.8071,,
simcse_bert_bs64_st750_s42,320,,,,,,,,0.0213,1.0,0.0004,1.84e-05,0.0738,0.8178,,
simcse_bert_bs64_st750_s42,330,,,,,,,,0.1096,1.0,0.0013,1.77e-05,0.0685,0.8021,,
simcse_bert_bs64_st750_s42,340,,,,,,,,0.0404,1.0,0.0005,1.71e-05,0.0634,0.8043,,
simcse_bert_bs64_st750_s42,350,,,,,,,,0.0045,1.0,0.0001,1.65e-05,0.0591,0.8097,,
simcse_bert_bs64_st750_s42,360,,,,,,,,0.0083,1.0,0.0002,1.59e-05,0.0677,0.803,,
simcse_bert_bs64_st750_s42,370,,,,,,,,0.0167,1.0,0.0003,1.53e-05,0.0695,0.8069,,
simcse_bert_bs64_st750_s42,380,,,,,,,,0.0878,1.0,0.0008,1.46e-05,0.0578,0.7998,,
simcse_bert_bs64_st750_s42,390,,,,,,,,0.0352,1.0,0.0006,1.4e-05,0.0629,0.8028,,
simcse_bert_bs64_st750_s42,400,,,,,,,,0.0297,1.0,0.0005,1.34e-05,0.0594,0.7987,,
simcse_bert_bs64_st750_s42,410,,,,,,,,0.0111,1.0,0.0003,1.27e-05,0.0628,0.8007,,
simcse_bert_bs64_st750_s42,420,,,,,,,,0.176,1.0,0.0023,1.21e-05,0.0589,0.8025,,
simcse_bert_bs64_st750_s42,430,,,,,,,,1.1691,1.0,0.0031,1.15e-05,0.071,0.8035,,
simcse_bert_bs64_st750_s42,440,,,,,,,,0.0085,1.0,0.0002,1.09e-05,0.0675,0.8071,,
simcse_bert_bs64_st750_s42,450,,,,,,,,0.0287,1.0,0.0003,1.03e-05,0.0586,0.8089,,
simcse_bert_bs64_st750_s42,460,,,,,,,,0.004,1.0,0.0001,9.71e-06,0.0618,0.8108,,
simcse_bert_bs64_st750_s42,470,,,,,,,,0.0076,1.0,0.0002,9.13e-06,0.0652,0.8096,,
simcse_bert_bs64_st750_s42,480,,,,,,,,0.0168,1.0,0.0003,8.56e-06,0.0582,0.8008,,
simcse_bert_bs64_st750_s42,490,,,,,,,,0.0279,1.0,0.0003,7.99e-06,0.0621,0.8073,,
simcse_bert_bs64_st750_s42,500,,,,,,,,0.0453,1.0,0.0006,7.45e-06,0.0574,0.8033,,
simcse_bert_bs64_st750_s42,510,,,,,,,,0.0098,1.0,0.0002,6.91e-06,0.0575,0.8026,,
simcse_bert_bs64_st750_s42,520,,,,,,,,0.0109,1.0,0.0003,6.39e-06,0.0595,0.808,,
simcse_bert_bs64_st750_s42,530,,,,,,,,0.0053,1.0,0.0002,5.88e-06,0.0592,0.8037,,
simcse_bert_bs64_st750_s42,540,,,,,,,,0.0414,1.0,0.0003,5.39e-06,0.0582,0.7984,,
simcse_bert_bs64_st750_s42,550,,,,,,,,0.0104,1.0,0.0002,4.92e-06,0.0586,0.8044,,
simcse_bert_bs64_st750_s42,560,,,,,,,,0.0105,1.0,0.0002,4.46e-06,0.0618,0.8042,,
simcse_bert_bs64_st750_s42,570,,,,,,,,0.0079,1.0,0.0002,4.02e-06,0.0576,0.8086,,
simcse_bert_bs64_st750_s42,580,,,,,,,,0.014,1.0,0.0002,3.6e-06,0.0627,0.8003,,
simcse_bert_bs64_st750_s42,590,,,,,,,,0.0128,1.0,0.0003,3.21e-06,0.0554,0.7994,,
simcse_bert_bs64_st750_s42,600,,,,,,,,0.0108,1.0,0.0002,2.83e-06,0.0581,0.8035,,
simcse_bert_bs64_st750_s42,610,,,,,,,,0.0606,1.0,0.0004,2.47e-06,0.0629,0.802,,
simcse_bert_bs64_st750_s42,620,,,,,,,,0.0129,1.0,0.0002,2.14e-06,0.0573,0.7999,,
simcse_bert_bs64_st750_s42,630,,,,,,,,0.2188,1.0,0.0009,1.83e-06,0.054,0.8094,,
simcse_bert_bs64_st750_s42,640,,,,,,,,0.0079,1.0,0.0002,1.54e-06,0.0598,0.8008,,
simcse_bert_bs64_st750_s42,650,,,,,,,,0.0282,1.0,0.0004,1.27e-06,0.0586,0.8004,,
simcse_bert_bs64_st750_s42,660,,,,,,,,0.0096,1.0,0.0002,1.03e-06,0.0582,0.7985,,
simcse_bert_bs64_st750_s42,670,,,,,,,,0.0073,1.0,0.0002,8.14e-07,0.0524,0.8029,,
simcse_bert_bs64_st750_s42,680,,,,,,,,0.4878,1.0,0.0031,6.22e-07,0.0624,0.801,,
simcse_bert_bs64_st750_s42,690,,,,,,,,0.0187,1.0,0.0003,4.56e-07,0.0587,0.8022,,
simcse_bert_bs64_st750_s42,700,,,,,,,,0.0566,1.0,0.0007,3.15e-07,0.0568,0.7979,,
simcse_bert_bs64_st750_s42,710,,,,,,,,0.0091,1.0,0.0002,2e-07,0.0553,0.8128,,
simcse_bert_bs64_st750_s42,720,,,,,,,,0.0085,1.0,0.0002,1.11e-07,0.0647,0.803,,
simcse_bert_bs64_st750_s42,730,,,,,,,,0.0164,1.0,0.0003,4.75e-08,0.0501,0.8055,,
simcse_bert_bs64_st750_s42,740,,,,,,,,0.0623,1.0,0.0005,1.07e-08,0.0552,0.8054,,
simcse_bert_bs64_st750_s42,749,,,,,,,,0.0095,1.0,0.0002,0.0,0.0612,0.8102,,
simcse_bert_bs64_st750_s43,0,,,,,,,,35.9466,0.875,1.0537,3e-05,0.5948,0.8625,,
simcse_bert_bs64_st750_s43,10,,,,,,,,0.4011,1.0,0.0078,3e-05,0.2668,0.8195,,
simcse_bert_bs64_st750_s43,20,,,,,,,,1.7934,1.0,0.0166,2.99e-05,0.1753,0.8196,,
simcse_bert_bs64_st750_s43,30,,,,,,,,0.1698,1.0,0.0039,2.99e-05,0.1689,0.8282,,
simcse_bert_bs64_st750_s43,40,,,,,,,,0.29,1.0,0.0043,2.98e-05,0.1514,0.8261,,
simcse_bert_bs64_st750_s43,50,,,,,,,,0.1909,1.0,0.0031,2.97e-05,0.1406,0.8271,,
simcse_bert_bs64_st750_s43,60,,,,,,,,0.0216,1.0,0.0005,2.95e-05,0.1152,0.8238,,
simcse_bert_bs64_st750_s43,70,,,,,,,,0.1126,1.0,0.001,2.93e-05,0.1173,0.8167,,
simcse_bert_bs64_st750_s43,80,,,,,,,,0.0888,1.0,0.0009,2.91e-05,0.1068,0.8197,,
simcse_bert_bs64_st750_s43,90,,,,,,,,0.0453,1.0,0.0008,2.89e-05,0.0989,0.8052,,
simcse_bert_bs64_st750_s43,100,,,,,,,,0.1739,1.0,0.0015,2.87e-05,0.0991,0.8129,,
simcse_bert_bs64_st750_s43,110,,,,,,,,0.1158,1.0,0.0012,2.84e-05,0.1063,0.8177,,
simcse_bert_bs64_st750_s43,120,,,,,,,,0.0294,1.0,0.0006,2.81e-05,0.099,0.8226,,
simcse_bert_bs64_st750_s43,130,,,,,,,,0.3793,1.0,0.0015,2.78e-05,0.0968,0.8136,,
simcse_bert_bs64_st750_s43,140,,,,,,,,0.0186,1.0,0.0003,2.75e-05,0.0987,0.8259,,
simcse_bert_bs64_st750_s43,150,,,,,,,,0.0149,1.0,0.0003,2.71e-05,0.0818,0.8265,,
simcse_bert_bs64_st750_s43,160,,,,,,,,0.0245,1.0,0.0004,2.67e-05,0.084,0.8204,,
simcse_bert_bs64_st750_s43,170,,,,,,,,0.0418,1.0,0.0006,2.63e-05,0.0852,0.8129,,
simcse_bert_bs64_st750_s43,180,,,,,,,,0.0216,1.0,0.0003,2.59e-05,0.0894,0.8213,,
simcse_bert_bs64_st750_s43,190,,,,,,,,0.0172,1.0,0.0003,2.54e-05,0.0824,0.8228,,
simcse_bert_bs64_st750_s43,200,,,,,,,,0.0448,1.0,0.0005,2.5e-05,0.0768,0.8184,,
simcse_bert_bs64_st750_s43,210,,,,,,,,1.8854,1.0,0.0088,2.45e-05,0.077,0.8169,,
simcse_bert_bs64_st750_s43,220,,,,,,,,0.155,1.0,0.001,2.4e-05,0.091,0.8166,,
simcse_bert_bs64_st750_s43,230,,,,,,,,0.0474,1.0,0.0007,2.35e-05,0.0867,0.8179,,
simcse_bert_bs64_st750_s43,240,,,,,,,,0.0412,1.0,0.0007,2.3e-05,0.0899,0.8236,,
simcse_bert_bs64_st750_s43,250,,,,,,,,0.0058,1.0,0.0002,2.24e-05,0.0788,0.8219,,
simcse_bert_bs64_st750_s43,260,,,,,,,,0.2931,1.0,0.0011,2.19e-05,0.0887,0.8126,,
simcse_bert_bs64_st750_s43,270,,,,,,,,0.0172,1.0,0.0003,2.13e-05,0.0769,0.8141,,
simcse_bert_bs64_st750_s43,280,,,,,,,,0.0097,1.0,0.0002,2.08e-05,0.0717,0.8167,,
simcse_bert_bs64_st750_s43,290,,,,,,,,0.0197,1.0,0.0002,2.02e-05,0.0672,0.8091,,
simcse_bert_bs64_st750_s43,300,,,,,,,,0.1925,1.0,0.0025,1.96e-05,0.0747,0.815,,
simcse_bert_bs64_st750_s43,310,,,,,,,,0.0193,1.0,0.0003,1.9e-05,0.0638,0.8138,,
simcse_bert_bs64_st750_s43,320,,,,,,,,0.054,1.0,0.0004,1.84e-05,0.068,0.8191,,
simcse_bert_bs64_st750_s43,330,,,,,,,,0.0686,1.0,0.0006,1.77e-05,0.0597,0.8127,,
simcse_bert_bs64_st750_s43,340,,,,,,,,0.011,1.0,0.0003,1.71e-05,0.0643,0.7985,,
simcse_bert_bs64_st750_s43,350,,,,,,,,0.0084,1.0,0.0002,1.65e-05,0.0618,0.8124,,
simcse_bert_bs64_st750_s43,360,,,,,,,,0.006,1.0,0.0002,1.59e-05,0.063,0.8169,,
simcse_bert_bs64_st750_s43,370,,,,,,,,0.0046,1.0,0.0002,1.53e-05,0.065,0.8181,,
simcse_bert_bs64_st750_s43,380,,,,,,,,0.0198,1.0,0.0002,1.46e-05,0.0621,0.8129,,
simcse_bert_bs64_st750_s43,390,,,,,,,,0.0128,1.0,0.0002,1.4e-05,0.0592,0.8133,,
simcse_bert_bs64_st750_s43,400,,,,,,,,0.0258,1.0,0.0004,1.34e-05,0.055,0.8043,,
simcse_bert_bs64_st750_s43,410,,,,,,,,0.0704,1.0,0.0009,1.27e-05,0.06,0.8029,,
simcse_bert_bs64_st750_s43,420,,,,,,,,0.018,1.0,0.0004,1.21e-05,0.0631,0.8047,,
simcse_bert_bs64_st750_s43,430,,,,,,,,0.0891,1.0,0.001,1.15e-05,0.058,0.8034,,
simcse_bert_bs64_st750_s43,440,,,,,,,,0.0224,1.0,0.0003,1.09e-05,0.0571,0.8137,,
simcse_bert_bs64_st750_s43,450,,,,,,,,0.0053,1.0,0.0001,1.03e-05,0.053,0.8183,,
simcse_bert_bs64_st750_s43,460,,,,,,,,0.0048,1.0,0.0001,9.71e-06,0.0557,0.806,,
simcse_bert_bs64_st750_s43,470,,,,,,,,0.0041,1.0,0.0001,9.13e-06,0.0587,0.8127,,
simcse_bert_bs64_st750_s43,480,,,,,,,,0.0223,1.0,0.0003,8.56e-06,0.0554,0.8036,,
simcse_bert_bs64_st750_s43,490,,,,,,,,0.0077,1.0,0.0002,7.99e-06,0.0558,0.8128,,
simcse_bert_bs64_st750_s43,500,,,,,,,,0.0192,1.0,0.0002,7.45e-06,0.05,0.8057,,
simcse_bert_bs64_st750_s43,510,,,,,,,,0.0075,1.0,0.0002,6.91e-06,0.055,0.8113,,
simcse_bert_bs64_st750_s43,520,,,,,,,,0.0235,1.0,0.0002,6.39e-06,0.0525,0.813,,
simcse_bert_bs64_st750_s43,530,,,,,,,,0.0044,1.0,0.0001,5.88e-06,0.0541,0.814,,
simcse_bert_bs64_st750_s43,540,,,,,,,,0.0854,1.0,0.0004,5.39e-06,0.0519,0.8076,,
simcse_bert_bs64_st750_s43,550,,,,,,,,0.0035,1.0,0.0001,4.92e-06,0.0544,0.8048,,
simcse_bert_bs64_st750_s43,560,,,,,,,,0.0135,1.0,0.0002,4.46e-06,0.0559,0.8154,,
simcse_bert_bs64_st750_s43,570,,,,,,,,0.0336,1.0,0.0003,4.02e-06,0.0534,0.8086,,
simcse_bert_bs64_st750_s43,580,,,,,,,,0.0321,1.0,0.0004,3.6e-06,0.0523,0.8132,,
simcse_bert_bs64_st750_s43,590,,,,,,,,0.0109,1.0,0.0002,3.21e-06,0.0477,0.8149,,
simcse_bert_bs64_st750_s43,600,,,,,,,,0.0345,1.0,0.0005,2.83e-06,0.0538,0.8112,,
simcse_bert_bs64_st750_s43,610,,,,,,,,0.027,1.0,0.0003,2.47e-06,0.0546,0.8136,,
simcse_bert_bs64_st750_s43,620,,,,,,,,0.0115,1.0,0.0002,2.14e-06,0.0502,0.8053,,
simcse_bert_bs64_st750_s43,630,,,,,,,,0.0048,1.0,0.0001,1.83e-06,0.0509,0.8147,,
simcse_bert_bs64_st750_s43,640,,,,,,,,0.035,1.0,0.0004,1.54e-06,0.0549,0.8124,,
simcse_bert_bs64_st750_s43,650,,,,,,,,0.0221,1.0,0.0003,1.27e-06,0.0517,0.8128,,
simcse_bert_bs64_st750_s43,660,,,,,,,,0.0347,1.0,0.0004,1.03e-06,0.0586,0.8112,,
simcse_bert_bs64_st750_s43,670,,,,,,,,0.0079,1.0,0.0002,8.14e-07,0.0508,0.8107,,
simcse_bert_bs64_st750_s43,680,,,,,,,,0.0237,1.0,0.0003,6.22e-07,0.0563,0.809,,
simcse_bert_bs64_st750_s43,690,,,,,,,,0.0175,1.0,0.0002,4.56e-07,0.05,0.8118,,
simcse_bert_bs64_st750_s43,700,,,,,,,,0.189,1.0,0.0022,3.15e-07,0.0482,0.8062,,
simcse_bert_bs64_st750_s43,710,,,,,,,,0.0158,1.0,0.0002,2e-07,0.0496,0.8094,,
simcse_bert_bs64_st750_s43,720,,,,,,,,0.0048,1.0,0.0001,1.11e-07,0.0545,0.8121,,
simcse_bert_bs64_st750_s43,730,,,,,,,,0.1474,1.0,0.0008,4.75e-08,0.0517,0.8087,,
simcse_bert_bs64_st750_s43,740,,,,,,,,0.9441,1.0,0.0021,1.07e-08,0.0511,0.8082,,
simcse_bert_bs64_st750_s43,749,,,,,,,,0.0343,1.0,0.0004,0.0,0.056,0.8165,,
r8_bert_coviso_sched_optuna_t50_s42,0,8.8539,8.7465,0.1272,,,,0.0222,0.2506,,8.8737,,,,0.997,0.0494
r8_bert_coviso_sched_optuna_t50_s42,10,8.9811,8.871,0.0525,,,,0.0338,0.184,,8.9235,,,,0.997,0.0509
r8_bert_coviso_sched_optuna_t50_s42,20,9.0028,8.9151,0.0266,,,,0.0555,0.1223,,8.9418,,,,0.997,0.0553
r8_bert_coviso_sched_optuna_t50_s42,30,9.0082,8.9298,0.0187,,,,0.0601,0.1183,,8.9485,,,,0.997,0.0623
r8_bert_coviso_sched_optuna_t50_s42,40,9.0085,8.9524,0.0089,,,,0.0627,0.0771,,8.9613,,,,0.997,0.0714
r8_bert_coviso_sched_optuna_t50_s42,50,9.0089,8.9621,0.006,,,,0.0627,0.0913,,8.9682,,,,0.997,0.082
r8_bert_coviso_sched_optuna_t50_s42,60,9.0093,8.9678,0.0329,0.1847,0.0273,0.1574,0.0524,3.215,,10.0856,,,,0.997,0.0932
r8_bert_coviso_sched_optuna_t50_s42,70,9.0097,8.9767,0.0263,0.0852,0.0158,0.0694,0.061,0.7676,,9.5037,,,,0.997,0.1044
r8_bert_coviso_sched_optuna_t50_s42,80,9.0097,8.9797,0.0259,0.076,0.0193,0.0567,0.0602,0.9973,,9.4518,,,,0.9971,0.1147
r8_bert_coviso_sched_optuna_t50_s42,90,9.0098,8.9804,0.0208,0.0651,0.0157,0.0494,0.0566,0.7126,,9.3838,,,,0.9971,0.1234
r8_bert_coviso_sched_optuna_t50_s42,100,9.0096,8.9821,0.018,0.0465,0.015,0.0315,0.0495,0.5501,,9.2732,,,,0.9971,0.1299
r8_bert_coviso_sched_optuna_t50_s42,110,9.0096,8.9817,0.0143,0.0384,0.0149,0.0235,0.0409,0.3589,,9.2214,,,,0.9971,0.1338
r8_bert_coviso_sched_optuna_t50_s42,120,9.0098,8.9832,0.0115,0.0394,0.0141,0.0253,0.0378,0.4689,,9.2262,,,,0.9971,0.1348
r8_bert_coviso_sched_optuna_t50_s42,130,9.0099,8.9825,0.0117,0.0378,0.0143,0.0234,0.0361,0.3966,,9.216,,,,0.9972,0.1348
r8_bert_coviso_sched_optuna_t50_s42,140,9.01,8.9807,0.0119,0.0297,0.0136,0.0161,0.0363,0.3045,,9.167,,,,0.9972,0.1348
r8_bert_coviso_sched_optuna_t50_s42,150,9.0097,8.9794,0.0118,0.0319,0.0135,0.0184,0.0373,0.3931,,9.1788,,,,0.9972,0.1348
r8_bert_coviso_sched_optuna_t50_s42,160,9.0096,8.9782,0.0118,0.0319,0.013,0.0189,0.0392,0.3786,,9.1771,,,,0.9972,0.1348
r8_bert_coviso_sched_optuna_t50_s42,170,9.0097,8.9806,0.0094,0.0344,0.0138,0.0206,0.0382,0.3401,,9.1919,,,,0.9973,0.1348
r8_bert_coviso_sched_optuna_t50_s42,180,9.0096,8.9791,0.0095,0.0303,0.0133,0.017,0.0416,0.3239,,9.1665,,,,0.9973,0.1348
r8_bert_coviso_sched_optuna_t50_s42,190,9.0098,8.9802,0.0084,0.0313,0.0133,0.018,0.0416,0.3428,,9.1724,,,,0.9973,0.1348
r8_bert_coviso_sched_optuna_t50_s42,200,9.0098,8.9796,0.0085,0.0297,0.0128,0.0169,0.0433,0.3077,,9.1624,,,,0.9974,0.1348
r8_bert_coviso_sched_optuna_t50_s42,210,9.0095,8.9781,0.0086,0.0284,0.0127,0.0158,0.0444,0.3075,,9.1538,,,,0.9974,0.1348
r8_bert_coviso_sched_optuna_t50_s42,220,9.0095,8.9781,0.0082,0.0297,0.013,0.0167,0.0439,0.2865,,9.1606,,,,0.9974,0.1348
r8_bert_coviso_sched_optuna_t50_s42,230,9.0099,8.98,0.0068,0.0299,0.0131,0.0168,0.0469,0.2956,,9.1625,,,,0.9975,0.1348
r8_bert_coviso_sched_optuna_t50_s42,240,9.0101,8.9797,0.0074,0.0265,0.0117,0.0147,0.0459,0.2456,,9.1426,,,,0.9975,0.1348
r8_bert_coviso_sched_optuna_t50_s42,250,9.0095,8.9798,0.0069,0.0277,0.0122,0.0155,0.0443,0.2691,,9.1495,,,,0.9975,0.1348
r8_bert_coviso_sched_optuna_t50_s42,260,9.0098,8.9794,0.0077,0.0277,0.0123,0.0153,0.0469,0.3249,,9.1495,,,,0.9976,0.1348
r8_bert_coviso_sched_optuna_t50_s42,270,9.0099,8.9796,0.007,0.0328,0.0127,0.0201,0.046,0.3277,,9.1793,,,,0.9976,0.1348
r8_bert_coviso_sched_optuna_t50_s42,280,9.0101,8.9786,0.0074,0.0282,0.0122,0.016,0.0476,0.2811,,9.1514,,,,0.9977,0.1348
r8_bert_coviso_sched_optuna_t50_s42,290,9.0099,8.9798,0.0065,0.0281,0.0123,0.0157,0.0471,0.2794,,9.1512,,,,0.9977,0.1348
r8_bert_coviso_sched_optuna_t50_s42,300,9.0098,8.9801,0.0061,0.0268,0.0123,0.0145,0.0461,0.271,,9.1435,,,,0.9977,0.1348
r8_bert_coviso_sched_optuna_t50_s42,310,9.0097,8.9787,0.0066,0.0275,0.0119,0.0156,0.0492,0.2515,,9.1467,,,,0.9978,0.1348
r8_bert_coviso_sched_optuna_t50_s42,320,9.0095,8.9792,0.0065,0.0295,0.0121,0.0174,0.047,0.3001,,9.1589,,,,0.9978,0.1348
r8_bert_coviso_sched_optuna_t50_s42,330,9.0098,8.9792,0.007,0.0287,0.0122,0.0165,0.0476,0.2933,,9.1547,,,,0.9978,0.1348
r8_bert_coviso_sched_optuna_t50_s42,340,9.0099,8.9783,0.0061,0.0296,0.0122,0.0174,0.0495,0.2845,,9.1582,,,,0.9979,0.1348
r8_bert_coviso_sched_optuna_t50_s42,350,9.0096,8.9794,0.006,0.0264,0.0119,0.0145,0.047,0.2566,,9.1407,,,,0.9979,0.1348
r8_bert_coviso_sched_optuna_t50_s42,360,9.0094,8.9784,0.0068,0.0291,0.0121,0.017,0.0469,0.2647,,9.1561,,,,0.998,0.1348
r8_bert_coviso_sched_optuna_t50_s42,370,9.0101,8.9788,0.0049,0.025,0.0116,0.0134,0.0499,0.2492,,9.1307,,,,0.998,0.1348
r8_bert_coviso_sched_optuna_t50_s42,380,9.0098,8.979,0.0053,0.0282,0.0118,0.0164,0.0503,0.2525,,9.1498,,,,0.998,0.1348
r8_bert_coviso_sched_optuna_t50_s42,390,9.0098,8.979,0.0058,0.0267,0.0117,0.0149,0.0514,0.2757,,9.1416,,,,0.9981,0.1348
r8_bert_coviso_sched_optuna_t50_s42,400,9.0096,8.9778,0.0051,0.0265,0.0117,0.0148,0.0516,0.2442,,9.1385,,,,0.9981,0.1348
r8_bert_coviso_sched_optuna_t50_s42,410,9.01,8.9784,0.0054,0.0252,0.0114,0.0137,0.0511,0.2778,,9.1316,,,,0.9981,0.1348
r8_bert_coviso_sched_optuna_t50_s42,420,9.0096,8.9786,0.0056,0.0304,0.0123,0.0181,0.0505,0.2928,,9.163,,,,0.9982,0.1348
r8_bert_coviso_sched_optuna_t50_s42,430,9.0099,8.9781,0.006,0.028,0.0117,0.0163,0.0522,0.3412,,9.1488,,,,0.9982,0.1348
r8_bert_coviso_sched_optuna_t50_s42,440,9.0098,8.9795,0.0055,0.0275,0.0118,0.0156,0.049,0.3029,,9.1464,,,,0.9982,0.1348
r8_bert_coviso_sched_optuna_t50_s42,450,9.0096,8.9799,0.0047,0.0265,0.0116,0.0149,0.0505,0.2736,,9.1404,,,,0.9983,0.1348
r8_bert_coviso_sched_optuna_t50_s42,460,9.0097,8.9776,0.005,0.025,0.0119,0.0131,0.0537,0.2568,,9.1294,,,,0.9983,0.1348
r8_bert_coviso_sched_optuna_t50_s42,470,9.0099,8.9792,0.005,0.0305,0.0118,0.0188,0.0487,0.3162,,9.1636,,,,0.9983,0.1348
r8_bert_coviso_sched_optuna_t50_s42,480,9.0099,8.9779,0.0054,0.0245,0.0113,0.0132,0.0512,0.2755,,9.1272,,,,0.9983,0.1348
r8_bert_coviso_sched_optuna_t50_s42,490,9.01,8.9775,0.0047,0.0247,0.0115,0.0132,0.0525,0.1941,,9.1273,,,,0.9984,0.1348
r8_bert_coviso_sched_optuna_t50_s42,500,9.0098,8.9778,0.0054,0.0268,0.0118,0.015,0.0521,0.279,,9.1405,,,,0.9984,0.1348
r8_bert_coviso_sched_optuna_t50_s42,510,9.0101,8.9787,0.0054,0.0263,0.0117,0.0145,0.0515,0.257,,9.1384,,,,0.9984,0.1348
r8_bert_coviso_sched_optuna_t50_s42,520,9.0094,8.9771,0.0052,0.0254,0.0111,0.0143,0.0526,0.2145,,9.1313,,,,0.9984,0.1348
r8_bert_coviso_sched_optuna_t50_s42,530,9.0096,8.9771,0.0063,0.0263,0.0115,0.0148,0.0533,0.3245,,9.1376,,,,0.9984,0.1348
r8_bert_coviso_sched_optuna_t50_s42,540,9.0098,8.9769,0.0045,0.0231,0.0116,0.0115,0.0545,0.2169,,9.1172,,,,0.9985,0.1348
r8_bert_coviso_sched_optuna_t50_s42,550,9.0101,8.9779,0.0048,0.0234,0.011,0.0124,0.0541,0.2335,,9.1202,,,,0.9985,0.1348
r8_bert_coviso_sched_optuna_t50_s42,560,9.0097,8.9782,0.004,0.0245,0.0113,0.0132,0.0518,0.2907,,9.1259,,,,0.9985,0.1348
r8_bert_coviso_sched_optuna_t50_s42,570,9.0093,8.9765,0.0056,0.0256,0.0116,0.014,0.0535,0.2624,,9.1324,,,,0.9985,0.1348
r8_bert_coviso_sched_optuna_t50_s42,580,9.0095,8.978,0.0041,0.0279,0.0117,0.0161,0.0524,0.3014,,9.1459,,,,0.9985,0.1348
r8_bert_coviso_sched_optuna_t50_s42,590,9.01,8.9774,0.0057,0.0255,0.0112,0.0143,0.0531,0.2534,,9.1328,,,,0.9985,0.1348
r8_bert_coviso_sched_optuna_t50_s42,600,9.0095,8.9787,0.005,0.0225,0.0113,0.0112,0.0542,0.2607,,9.1158,,,,0.9985,0.1348
r8_bert_coviso_sched_optuna_t50_s42,610,9.0099,8.9773,0.0049,0.0249,0.0116,0.0133,0.0553,0.2496,,9.1282,,,,0.9985,0.1348
r8_bert_coviso_sched_optuna_t50_s42,620,9.0094,8.9764,0.0041,0.0254,0.0118,0.0136,0.0552,0.2172,,9.1298,,,,0.9985,0.1348
r8_bert_coviso_sched_optuna_t50_s42,630,9.0098,8.9774,0.004,0.0236,0.0113,0.0122,0.054,0.2175,,9.1198,,,,0.9985,0.1348
r8_bert_coviso_sched_optuna_t50_s42,640,9.0098,8.9781,0.0045,0.0237,0.0111,0.0126,0.0543,0.2279,,9.1216,,,,0.9985,0.1348
r8_bert_coviso_sched_optuna_t50_s42,650,9.0097,8.9775,0.004,0.0223,0.011,0.0113,0.0553,0.184,,9.1125,,,,0.9985,0.1348
r8_bert_coviso_sched_optuna_t50_s42,660,9.0095,8.9764,0.0043,0.0237,0.0113,0.0124,0.0554,0.205,,9.1199,,,,0.9985,0.1348
r8_bert_coviso_sched_optuna_t50_s42,670,9.0097,8.9774,0.0039,0.0217,0.011,0.0107,0.055,0.2086,,9.1087,,,,0.9985,0.1348
r8_bert_coviso_sched_optuna_t50_s42,680,9.0099,8.9767,0.004,0.0236,0.0113,0.0123,0.0549,0.2356,,9.1192,,,,0.9985,0.1348
r8_bert_coviso_sched_optuna_t50_s42,690,9.0097,8.9777,0.004,0.0203,0.0109,0.0094,0.0555,0.1851,,9.1011,,,,0.9985,0.1348
r8_bert_coviso_sched_optuna_t50_s42,700,9.0101,8.9769,0.0041,0.0211,0.0107,0.0104,0.0562,0.21,,9.105,,,,0.9985,0.1348
r8_bert_coviso_sched_optuna_t50_s42,710,9.0096,8.9766,0.0032,0.0256,0.0115,0.0141,0.0555,0.2187,,9.13,,,,0.9985,0.1348
r8_bert_coviso_sched_optuna_t50_s42,720,9.0097,8.9775,0.0034,0.0237,0.0112,0.0126,0.0561,0.2106,,9.1204,,,,0.9985,0.1348
r8_bert_coviso_sched_optuna_t50_s42,730,9.0099,8.9765,0.0033,0.0234,0.0112,0.0122,0.0567,0.2347,,9.117,,,,0.9985,0.1348
r8_bert_coviso_sched_optuna_t50_s42,740,9.0092,8.9772,0.0041,0.0234,0.0116,0.0119,0.0536,0.2098,,9.119,,,,0.9985,0.1348
r8_bert_coviso_sched_optuna_t50_s42,750,9.0094,8.9782,0.0042,0.0247,0.0114,0.0133,0.0531,0.2652,,9.1273,,,,0.9985,0.1348
r8_bert_coviso_sched_optuna_t50_s42,760,9.0094,8.9763,0.0034,0.0214,0.0111,0.0103,0.0568,0.2357,,9.1051,,,,0.9985,0.1348
r8_bert_coviso_sched_optuna_t50_s42,770,9.0091,8.9763,0.003,0.0221,0.0112,0.011,0.0582,0.2085,,9.1093,,,,0.9985,0.1348
r8_bert_coviso_sched_optuna_t50_s42,780,9.01,8.9766,0.0032,0.0207,0.011,0.0097,0.0576,0.1998,,9.1016,,,,0.9985,0.1348
r8_bert_coviso_sched_optuna_t50_s42,790,9.0098,8.9763,0.0033,0.0215,0.0111,0.0104,0.0584,0.198,,9.1059,,,,0.9985,0.1348
r8_bert_coviso_sched_optuna_t50_s42,800,9.0094,8.9759,0.004,0.0251,0.0115,0.0136,0.0562,0.2336,,9.1273,,,,0.9985,0.1348
r8_bert_coviso_sched_optuna_t50_s42,810,9.0097,8.977,0.0029,0.023,0.0111,0.0119,0.0551,0.2156,,9.115,,,,0.9985,0.1348
r8_bert_coviso_sched_optuna_t50_s42,820,9.0094,8.9773,0.0027,0.0229,0.0115,0.0114,0.0575,0.1946,,9.1145,,,,0.9985,0.1348
r8_bert_coviso_sched_optuna_t50_s42,830,9.0098,8.9766,0.0036,0.0225,0.0111,0.0114,0.0566,0.2434,,9.1124,,,,0.9985,0.1348
r8_bert_coviso_sched_optuna_t50_s42,840,9.01,8.9772,0.0032,0.0199,0.0107,0.0092,0.0584,0.1846,,9.0974,,,,0.9985,0.1348
r8_bert_coviso_sched_optuna_t50_s42,850,9.0097,8.9767,0.0023,0.021,0.0113,0.0097,0.0569,0.1692,,9.1025,,,,0.9985,0.1348
r8_bert_coviso_sched_optuna_t50_s42,860,9.0098,8.9761,0.003,0.0223,0.0106,0.0116,0.059,0.1977,,9.1099,,,,0.9985,0.1348
r8_bert_coviso_sched_optuna_t50_s42,870,9.0097,8.976,0.0027,0.0208,0.0105,0.0103,0.0607,0.1813,,9.1011,,,,0.9985,0.1348
r8_bert_coviso_sched_optuna_t50_s42,880,9.0099,8.9765,0.0032,0.0203,0.0107,0.0096,0.0582,0.2069,,9.0989,,,,0.9985,0.1348
r8_bert_coviso_sched_optuna_t50_s42,890,9.0097,8.9758,0.0025,0.0227,0.011,0.0117,0.0587,0.2049,,9.1118,,,,0.9985,0.1348
r8_bert_coviso_sched_optuna_t50_s42,900,9.0098,8.9764,0.0027,0.0208,0.011,0.0098,0.058,0.1865,,9.1012,,,,0.9985,0.1348
r8_bert_coviso_sched_optuna_t50_s42,910,9.0099,8.9757,0.0033,0.0225,0.0112,0.0113,0.0605,0.2406,,9.1113,,,,0.9985,0.1348
r8_bert_coviso_sched_optuna_t50_s42,920,9.0096,8.9761,0.0026,0.0205,0.0111,0.0095,0.0605,0.1816,,9.0994,,,,0.9985,0.1348
r8_bert_coviso_sched_optuna_t50_s42,930,9.009,8.9744,0.0026,0.0228,0.0106,0.0122,0.0612,0.2193,,9.1112,,,,0.9985,0.1348
r8_bert_coviso_sched_optuna_t50_s42,940,9.0097,8.9765,0.0025,0.021,0.011,0.0099,0.0594,0.1796,,9.1021,,,,0.9985,0.1348
r8_bert_coviso_sched_optuna_t50_s42,950,9.0094,8.9742,0.0025,0.0192,0.0107,0.0085,0.0622,0.1752,,9.0896,,,,0.9985,0.1348
r8_bert_coviso_sched_optuna_t50_s42,960,9.0097,8.9746,0.0024,0.0194,0.0104,0.009,0.0625,0.1574,,9.091,,,,0.9985,0.1348
r8_bert_coviso_sched_optuna_t50_s42,970,9.0099,8.976,0.0024,0.0209,0.0107,0.0101,0.06,0.2147,,9.1009,,,,0.9985,0.1348
r8_bert_coviso_sched_optuna_t50_s42,980,9.0094,8.9755,0.0024,0.0212,0.0106,0.0106,0.0588,0.208,,9.1024,,,,0.9985,0.1348
r8_bert_coviso_sched_optuna_t50_s42,990,9.0095,8.9745,0.0025,0.0188,0.0105,0.0083,0.063,0.1781,,9.0878,,,,0.9985,0.1348
r8_bert_coviso_sched_optuna_t50_s42,1000,9.0098,8.9749,0.0023,0.0215,0.011,0.0105,0.0615,0.2126,,9.1034,,,,0.9985,0.1348
r8_bert_coviso_sched_optuna_t50_s42,1010,9.0097,8.9761,0.0025,0.0193,0.0105,0.0089,0.0602,0.1677,,9.0921,,,,0.9985,0.1348
r8_bert_coviso_sched_optuna_t50_s42,1020,9.0095,8.9748,0.0024,0.0215,0.011,0.0105,0.0613,0.1995,,9.1032,,,,0.9985,0.1348
r8_bert_coviso_sched_optuna_t50_s42,1030,9.0095,8.9755,0.0028,0.0198,0.011,0.0088,0.0607,0.1862,,9.0947,,,,0.9985,0.1348
r8_bert_coviso_sched_optuna_t50_s42,1040,9.01,8.9752,0.0026,0.0201,0.0104,0.0097,0.0607,0.1969,,9.0959,,,,0.9985,0.1348
r8_bert_coviso_sched_optuna_t50_s42,1050,9.0098,8.9754,0.0023,0.0195,0.0106,0.009,0.0617,0.1763,,9.0925,,,,0.9985,0.1348
r8_bert_coviso_sched_optuna_t50_s42,1060,9.0094,8.9751,0.0025,0.0214,0.0106,0.0108,0.062,0.2037,,9.103,,,,0.9985,0.1348
r8_bert_coviso_sched_optuna_t50_s42,1070,9.0097,8.9749,0.0022,0.0214,0.0105,0.0109,0.0617,0.1978,,9.1028,,,,0.9985,0.1348
r8_bert_coviso_sched_optuna_t50_s42,1080,9.0098,8.9757,0.0029,0.0204,0.0105,0.0098,0.0605,0.2228,,9.0982,,,,0.9985,0.1348
r8_bert_coviso_sched_optuna_t50_s42,1090,9.0098,8.9754,0.0023,0.0194,0.0105,0.009,0.0614,0.1838,,9.0919,,,,0.9985,0.1348
r8_bert_coviso_sched_optuna_t50_s42,1100,9.0095,8.9749,0.0019,0.02,0.0106,0.0094,0.0637,0.2011,,9.0941,,,,0.9985,0.1348
r8_bert_coviso_sched_optuna_t50_s42,1110,9.0092,8.9734,0.0026,0.0216,0.011,0.0106,0.0631,0.2485,,9.1027,,,,0.9985,0.1348
r8_bert_coviso_sched_optuna_t50_s42,1120,9.0097,8.9749,0.0036,0.0201,0.0109,0.0092,0.0628,0.1861,,9.0966,,,,0.9985,0.1348
r8_bert_coviso_sched_optuna_t50_s42,1130,9.01,8.9745,0.0016,0.018,0.0102,0.0078,0.0615,0.1548,,9.082,,,,0.9985,0.1348
r8_bert_coviso_sched_optuna_t50_s42,1140,9.0095,8.9747,0.0019,0.0198,0.0107,0.0091,0.0641,0.1603,,9.0931,,,,0.9985,0.1348
r8_bert_coviso_sched_optuna_t50_s42,1150,9.0098,8.9749,0.0025,0.0192,0.011,0.0082,0.0638,0.1741,,9.0901,,,,0.9985,0.1348
r8_bert_coviso_sched_optuna_t50_s42,1160,9.0094,8.9736,0.0023,0.0191,0.0108,0.0083,0.0643,0.197,,9.088,,,,0.9985,0.1348
r8_bert_coviso_sched_optuna_t50_s42,1170,9.0095,8.9735,0.0026,0.0207,0.0107,0.01,0.0648,0.2218,,9.0976,,,,0.9985,0.1348
r8_bert_coviso_sched_optuna_t50_s42,1180,9.0098,8.974,0.0019,0.0193,0.0107,0.0085,0.0641,0.1774,,9.0893,,,,0.9985,0.1348
r8_bert_coviso_sched_optuna_t50_s42,1190,9.0098,8.9743,0.0018,0.0198,0.0108,0.009,0.0625,0.1749,,9.0924,,,,0.9985,0.1348
r8_bert_coviso_sched_optuna_t50_s42,1200,9.0099,8.9736,0.0021,0.0193,0.0107,0.0086,0.0664,0.1682,,9.0891,,,,0.9985,0.1348
r8_bert_coviso_sched_optuna_t50_s42,1210,9.01,8.9739,0.0017,0.0184,0.0104,0.008,0.0648,0.1675,,9.0839,,,,0.9985,0.1348
r8_bert_coviso_sched_optuna_t50_s42,1220,9.0095,8.9741,0.0019,0.02,0.0108,0.0092,0.0632,0.1819,,9.0937,,,,0.9985,0.1348
r8_bert_coviso_sched_optuna_t50_s42,1230,9.0099,8.9739,0.0021,0.0186,0.0106,0.0079,0.0648,0.1839,,9.085,,,,0.9985,0.1348
r8_bert_coviso_sched_optuna_t50_s42,1240,9.0089,8.9733,0.0019,0.0188,0.0103,0.0085,0.0626,0.1632,,9.0858,,,,0.9985,0.1348
r8_bert_coviso_sched_optuna_t50_s42,1250,9.0097,8.9735,0.0018,0.0189,0.0106,0.0083,0.0653,0.1654,,9.0861,,,,0.9985,0.1348
r8_bert_coviso_sched_optuna_t50_s42,1260,9.0098,8.9734,0.0021,0.0189,0.0103,0.0086,0.0623,0.1907,,9.0866,,,,0.9985,0.1348
r8_bert_coviso_sched_optuna_t50_s42,1270,9.0097,8.974,0.0019,0.0211,0.0114,0.0097,0.0663,0.1796,,9.0997,,,,0.9985,0.1348
r8_bert_coviso_sched_optuna_t50_s42,1280,9.0097,8.9727,0.0016,0.0196,0.0107,0.0089,0.0652,0.1675,,9.0894,,,,0.9985,0.1348
r8_bert_coviso_sched_optuna_t50_s42,1290,9.0099,8.9736,0.0019,0.0186,0.0102,0.0083,0.0656,0.1686,,9.0847,,,,0.9985,0.1348
r8_bert_coviso_sched_optuna_t50_s42,1300,9.0094,8.974,0.0026,0.0188,0.0103,0.0085,0.0633,0.1929,,9.087,,,,0.9985,0.1348
r8_bert_coviso_sched_optuna_t50_s42,1310,9.0099,8.9722,0.0017,0.0201,0.0108,0.0093,0.0694,0.1831,,9.092,,,,0.9985,0.1348
r8_bert_coviso_sched_optuna_t50_s42,1320,9.0096,8.9732,0.0017,0.0176,0.0104,0.0073,0.0659,0.1443,,9.0786,,,,0.9985,0.1348
r8_bert_coviso_sched_optuna_t50_s42,1330,9.01,8.9729,0.0022,0.0187,0.0103,0.0084,0.0647,0.2018,,9.085,,,,0.9985,0.1348
r8_bert_coviso_sched_optuna_t50_s42,1340,9.0097,8.9733,0.0025,0.02,0.0109,0.0092,0.0631,0.207,,9.0933,,,,0.9985,0.1348
r8_bert_coviso_sched_optuna_t50_s42,1350,9.0094,8.9735,0.0022,0.0184,0.0106,0.0078,0.0635,0.1708,,9.0837,,,,0.9985,0.1348
r8_bert_coviso_sched_optuna_t50_s42,1360,9.0094,8.9726,0.0019,0.0201,0.0109,0.0093,0.0646,0.1932,,9.0927,,,,0.9985,0.1348
r8_bert_coviso_sched_optuna_t50_s42,1370,9.0097,8.9727,0.0016,0.0181,0.0102,0.0079,0.064,0.1557,,9.0805,,,,0.9985,0.1348
r8_bert_coviso_sched_optuna_t50_s42,1380,9.0097,8.9726,0.0019,0.0183,0.0106,0.0077,0.0643,0.1479,,9.082,,,,0.9985,0.1348
r8_bert_coviso_sched_optuna_t50_s42,1390,9.0096,8.9741,0.0022,0.0186,0.0104,0.0083,0.0596,0.1673,,9.0858,,,,0.9985,0.1348
r8_bert_coviso_sched_optuna_t50_s42,1400,9.0096,8.9724,0.0017,0.0199,0.0109,0.009,0.0634,0.1789,,9.0908,,,,0.9985,0.1348
r8_bert_coviso_sched_optuna_t50_s42,1410,9.0094,8.9729,0.0016,0.0175,0.0105,0.007,0.0629,0.1628,,9.0771,,,,0.9985,0.1348
r8_bert_coviso_sched_optuna_t50_s42,1420,9.0098,8.9729,0.0014,0.0188,0.0106,0.0082,0.065,0.1494,,9.0848,,,,0.9985,0.1348
r8_bert_coviso_sched_optuna_t50_s42,1430,9.0098,8.9726,0.0017,0.0191,0.0106,0.0085,0.0656,0.1729,,9.0864,,,,0.9985,0.1348
r8_bert_coviso_sched_optuna_t50_s42,1440,9.0092,8.973,0.0022,0.0185,0.0105,0.008,0.0626,0.1916,,9.0838,,,,0.9985,0.1348
r8_bert_coviso_sched_optuna_t50_s42,1450,9.0097,8.9728,0.0019,0.0201,0.0107,0.0094,0.0642,0.1971,,9.0928,,,,0.9985,0.1348
r8_bert_coviso_sched_optuna_t50_s42,1460,9.0094,8.9718,0.0016,0.0196,0.0108,0.0089,0.066,0.1737,,9.0887,,,,0.9985,0.1348
r8_bert_coviso_sched_optuna_t50_s42,1470,9.0094,8.9714,0.0022,0.0182,0.0103,0.0079,0.0649,0.2041,,9.0807,,,,0.9985,0.1348
r8_bert_coviso_sched_optuna_t50_s42,1480,9.0098,8.9717,0.0023,0.018,0.0101,0.0079,0.0672,0.1742,,9.08,,,,0.9985,0.1348
r8_bert_coviso_sched_optuna_t50_s42,1490,9.0098,8.973,0.0019,0.0196,0.0104,0.0092,0.0648,0.1824,,9.09,,,,0.9985,0.1348
r8_bert_coviso_sched_optuna_t50_s42,1499,9.0095,8.973,0.0016,0.0195,0.0107,0.0088,0.0645,0.1714,,9.0889,,,,0.9985,0.1348
r8_bert_coviso_sched_optuna_t50_s43,0,8.8492,8.7391,0.1321,,,,0.0226,0.2675,,8.8712,,,,0.997,0.0494
r8_bert_coviso_sched_optuna_t50_s43,10,8.9761,8.8819,0.0443,,,,0.0303,0.1582,,8.9262,,,,0.997,0.0509
r8_bert_coviso_sched_optuna_t50_s43,20,9.0044,8.9115,0.0275,,,,0.0541,0.1052,,8.9391,,,,0.997,0.0553
r8_bert_coviso_sched_optuna_t50_s43,30,9.0082,8.9333,0.0172,,,,0.0604,0.0943,,8.9505,,,,0.997,0.0623
r8_bert_coviso_sched_optuna_t50_s43,40,9.0089,8.951,0.0099,,,,0.061,0.0974,,8.9609,,,,0.997,0.0714
r8_bert_coviso_sched_optuna_t50_s43,50,9.0089,8.9594,0.0067,,,,0.0653,0.0733,,8.9661,,,,0.997,0.082
r8_bert_coviso_sched_optuna_t50_s43,60,9.0094,8.97,0.033,0.1803,0.0258,0.1545,0.0515,3.0468,,10.0621,,,,0.997,0.0932
r8_bert_coviso_sched_optuna_t50_s43,70,9.0099,8.9762,0.027,0.1016,0.0153,0.0863,0.0606,1.0297,,9.6001,,,,0.997,0.1044
r8_bert_coviso_sched_optuna_t50_s43,80,9.0095,8.978,0.0268,0.0705,0.0167,0.0538,0.0574,0.8166,,9.4188,,,,0.9971,0.1147
r8_bert_coviso_sched_optuna_t50_s43,90,9.0096,8.9833,0.018,0.0725,0.016,0.0566,0.0534,0.743,,9.4272,,,,0.9971,0.1234
r8_bert_coviso_sched_optuna_t50_s43,100,9.0101,8.9836,0.0166,0.0522,0.0174,0.0348,0.0485,0.567,,9.3068,,,,0.9971,0.1299
r8_bert_coviso_sched_optuna_t50_s43,110,9.0098,8.9823,0.013,0.0396,0.0141,0.0255,0.0433,0.3751,,9.228,,,,0.9971,0.1338
r8_bert_coviso_sched_optuna_t50_s43,120,9.0101,8.9836,0.0123,0.0332,0.0143,0.019,0.04,0.3535,,9.191,,,,0.9971,0.1348
r8_bert_coviso_sched_optuna_t50_s43,130,9.0097,8.9807,0.0116,0.031,0.0142,0.0169,0.0366,0.3761,,9.1746,,,,0.9972,0.1348
r8_bert_coviso_sched_optuna_t50_s43,140,9.0099,8.9811,0.0114,0.0344,0.0142,0.0202,0.0383,0.3773,,9.1946,,,,0.9972,0.1348
r8_bert_coviso_sched_optuna_t50_s43,150,9.0094,8.9786,0.0097,0.0312,0.0133,0.0179,0.038,0.2901,,9.1717,,,,0.9972,0.1348
r8_bert_coviso_sched_optuna_t50_s43,160,9.0098,8.9799,0.0102,0.0332,0.0136,0.0196,0.0404,0.3984,,9.1851,,,,0.9972,0.1348
r8_bert_coviso_sched_optuna_t50_s43,170,9.0097,8.9789,0.0086,0.0312,0.0137,0.0175,0.0415,0.286,,9.1709,,,,0.9973,0.1348
r8_bert_coviso_sched_optuna_t50_s43,180,9.0098,8.9794,0.0092,0.0327,0.0132,0.0195,0.0434,0.3401,,9.1807,,,,0.9973,0.1348
r8_bert_coviso_sched_optuna_t50_s43,190,9.01,8.9799,0.008,0.0341,0.013,0.0211,0.0425,0.4155,,9.1881,,,,0.9973,0.1348
r8_bert_coviso_sched_optuna_t50_s43,200,9.0099,8.9793,0.008,0.0328,0.0131,0.0198,0.0453,0.3862,,9.1803,,,,0.9974,0.1348
r8_bert_coviso_sched_optuna_t50_s43,210,9.01,8.979,0.0076,0.0294,0.0125,0.017,0.046,0.316,,9.1594,,,,0.9974,0.1348
r8_bert_coviso_sched_optuna_t50_s43,220,9.0098,8.9791,0.008,0.0304,0.0126,0.0178,0.0456,0.3414,,9.1656,,,,0.9974,0.1348
r8_bert_coviso_sched_optuna_t50_s43,230,9.0098,8.9782,0.0071,0.0337,0.0126,0.0212,0.0464,0.3787,,9.1835,,,,0.9975,0.1348
r8_bert_coviso_sched_optuna_t50_s43,240,9.0098,8.9791,0.0071,0.0306,0.0121,0.0185,0.0468,0.2838,,9.1659,,,,0.9975,0.1348
r8_bert_coviso_sched_optuna_t50_s43,250,9.0097,8.9794,0.0077,0.0315,0.0124,0.019,0.0456,0.3432,,9.1719,,,,0.9975,0.1348
r8_bert_coviso_sched_optuna_t50_s43,260,9.0095,8.9784,0.0068,0.0313,0.0125,0.0188,0.0466,0.315,,9.1691,,,,0.9976,0.1348
r8_bert_coviso_sched_optuna_t50_s43,270,9.0099,8.9786,0.0069,0.0271,0.0122,0.0149,0.0488,0.2979,,9.145,,,,0.9976,0.1348
r8_bert_coviso_sched_optuna_t50_s43,280,9.0097,8.9785,0.007,0.0299,0.0129,0.0169,0.0487,0.3489,,9.1609,,,,0.9977,0.1348
r8_bert_coviso_sched_optuna_t50_s43,290,9.0098,8.9777,0.0074,0.0281,0.0122,0.0158,0.0479,0.3224,,9.1499,,,,0.9977,0.1348
r8_bert_coviso_sched_optuna_t50_s43,300,9.0096,8.9782,0.006,0.0296,0.0125,0.0171,0.0493,0.2644,,9.1581,,,,0.9977,0.1348
r8_bert_coviso_sched_optuna_t50_s43,310,9.0098,8.9782,0.0058,0.0292,0.0123,0.0169,0.0488,0.3233,,9.1558,,,,0.9978,0.1348
r8_bert_coviso_sched_optuna_t50_s43,320,9.0101,8.978,0.0057,0.0256,0.0119,0.0137,0.0491,0.2247,,9.1338,,,,0.9978,0.1348
r8_bert_coviso_sched_optuna_t50_s43,330,9.01,8.9779,0.0063,0.0286,0.0118,0.0168,0.0516,0.3042,,9.1524,,,,0.9978,0.1348
r8_bert_coviso_sched_optuna_t50_s43,340,9.01,8.9776,0.0078,0.0286,0.012,0.0166,0.0515,0.3477,,9.1535,,,,0.9979,0.1348
r8_bert_coviso_sched_optuna_t50_s43,350,9.0098,8.9786,0.0063,0.0265,0.0119,0.0146,0.0499,0.2667,,9.1405,,,,0.9979,0.1348
r8_bert_coviso_sched_optuna_t50_s43,360,9.0099,8.9774,0.0062,0.0281,0.0118,0.0163,0.0521,0.3088,,9.1485,,,,0.998,0.1348
r8_bert_coviso_sched_optuna_t50_s43,370,9.0097,8.9781,0.0062,0.0288,0.0117,0.0171,0.05,0.2865,,9.1534,,,,0.998,0.1348
r8_bert_coviso_sched_optuna_t50_s43,380,9.0098,8.9775,0.0058,0.024,0.0117,0.0123,0.0504,0.206,,9.1241,,,,0.998,0.1348
r8_bert_coviso_sched_optuna_t50_s43,390,9.0096,8.9786,0.0054,0.027,0.0122,0.0148,0.0507,0.2831,,9.1429,,,,0.9981,0.1348
r8_bert_coviso_sched_optuna_t50_s43,400,9.0098,8.9775,0.0066,0.0268,0.011,0.0158,0.0516,0.2845,,9.1418,,,,0.9981,0.1348
r8_bert_coviso_sched_optuna_t50_s43,410,9.0099,8.978,0.0055,0.0265,0.0116,0.0149,0.0509,0.2534,,9.1391,,,,0.9981,0.1348
r8_bert_coviso_sched_optuna_t50_s43,420,9.0099,8.9768,0.005,0.026,0.0119,0.0141,0.0532,0.2349,,9.1346,,,,0.9982,0.1348
r8_bert_coviso_sched_optuna_t50_s43,430,9.01,8.9778,0.005,0.0272,0.012,0.0152,0.0528,0.2399,,9.1424,,,,0.9982,0.1348
r8_bert_coviso_sched_optuna_t50_s43,440,9.0096,8.9782,0.005,0.026,0.0112,0.0148,0.0514,0.2915,,9.1357,,,,0.9982,0.1348
r8_bert_coviso_sched_optuna_t50_s43,450,9.01,8.9778,0.0047,0.0267,0.0117,0.015,0.0505,0.2727,,9.1395,,,,0.9983,0.1348
r8_bert_coviso_sched_optuna_t50_s43,460,9.01,8.9776,0.005,0.0262,0.0116,0.0146,0.0537,0.2706,,9.1364,,,,0.9983,0.1348
r8_bert_coviso_sched_optuna_t50_s43,470,9.0099,8.9776,0.0048,0.0256,0.0115,0.0141,0.0538,0.2483,,9.1329,,,,0.9983,0.1348
r8_bert_coviso_sched_optuna_t50_s43,480,9.0099,8.9779,0.0041,0.0262,0.0114,0.0148,0.0531,0.2513,,9.1359,,,,0.9983,0.1348
r8_bert_coviso_sched_optuna_t50_s43,490,9.0097,8.9777,0.0043,0.0284,0.0121,0.0162,0.0535,0.2397,,9.1486,,,,0.9984,0.1348
r8_bert_coviso_sched_optuna_t50_s43,500,9.0098,8.9775,0.0054,0.0266,0.0117,0.0149,0.0549,0.2468,,9.1392,,,,0.9984,0.1348
r8_bert_coviso_sched_optuna_t50_s43,510,9.0097,8.9773,0.0049,0.0269,0.0121,0.0148,0.0548,0.2641,,9.14,,,,0.9984,0.1348
r8_bert_coviso_sched_optuna_t50_s43,520,9.0097,8.9772,0.0051,0.0257,0.0112,0.0145,0.0531,0.2667,,9.1333,,,,0.9984,0.1348
r8_bert_coviso_sched_optuna_t50_s43,530,9.0099,8.9772,0.005,0.0245,0.0113,0.0132,0.055,0.2576,,9.1261,,,,0.9984,0.1348
r8_bert_coviso_sched_optuna_t50_s43,540,9.0096,8.9767,0.0045,0.0248,0.0111,0.0137,0.0542,0.2531,,9.1269,,,,0.9985,0.1348
r8_bert_coviso_sched_optuna_t50_s43,550,9.0096,8.978,0.0046,0.0264,0.0119,0.0146,0.0553,0.26,,9.1378,,,,0.9985,0.1348
r8_bert_coviso_sched_optuna_t50_s43,560,9.0097,8.977,0.0052,0.0255,0.0115,0.014,0.0543,0.2508,,9.1319,,,,0.9985,0.1348
r8_bert_coviso_sched_optuna_t50_s43,570,9.0096,8.9776,0.0038,0.0263,0.0119,0.0144,0.0536,0.2478,,9.1358,,,,0.9985,0.1348
r8_bert_coviso_sched_optuna_t50_s43,580,9.0096,8.9768,0.0052,0.0239,0.0109,0.013,0.0553,0.26,,9.1226,,,,0.9985,0.1348
r8_bert_coviso_sched_optuna_t50_s43,590,9.0097,8.977,0.0046,0.0238,0.0112,0.0126,0.0545,0.2325,,9.1214,,,,0.9985,0.1348
r8_bert_coviso_sched_optuna_t50_s43,600,9.0096,8.9773,0.0041,0.0241,0.0112,0.0129,0.0543,0.2086,,9.1232,,,,0.9985,0.1348
r8_bert_coviso_sched_optuna_t50_s43,610,9.0099,8.9773,0.004,0.0264,0.0115,0.0149,0.0543,0.244,,9.1366,,,,0.9985,0.1348
r8_bert_coviso_sched_optuna_t50_s43,620,9.0095,8.9765,0.004,0.0253,0.0116,0.0137,0.0561,0.2624,,9.1292,,,,0.9985,0.1348
r8_bert_coviso_sched_optuna_t50_s43,630,9.0094,8.9769,0.0041,0.0257,0.0117,0.0139,0.0547,0.2303,,9.1316,,,,0.9985,0.1348
r8_bert_coviso_sched_optuna_t50_s43,640,9.0101,8.9772,0.0046,0.025,0.0114,0.0136,0.055,0.2454,,9.1286,,,,0.9985,0.1348
r8_bert_coviso_sched_optuna_t50_s43,650,9.0101,8.9771,0.0038,0.0257,0.0113,0.0144,0.0545,0.2338,,9.132,,,,0.9985,0.1348
r8_bert_coviso_sched_optuna_t50_s43,660,9.0094,8.9765,0.004,0.0251,0.0116,0.0135,0.0557,0.2299,,9.1281,,,,0.9985,0.1348
r8_bert_coviso_sched_optuna_t50_s43,670,9.0098,8.9767,0.0035,0.0222,0.0109,0.0113,0.0572,0.1945,,9.1106,,,,0.9985,0.1348
r8_bert_coviso_sched_optuna_t50_s43,680,9.0097,8.9766,0.0035,0.0253,0.0114,0.0139,0.057,0.2743,,9.1286,,,,0.9985,0.1348
r8_bert_coviso_sched_optuna_t50_s43,690,9.0101,8.976,0.0043,0.0244,0.0116,0.0127,0.0599,0.2619,,9.1235,,,,0.9985,0.1348
r8_bert_coviso_sched_optuna_t50_s43,700,9.0096,8.9768,0.0035,0.0241,0.011,0.0131,0.0543,0.2262,,9.1219,,,,0.9985,0.1348
r8_bert_coviso_sched_optuna_t50_s43,710,9.0091,8.9762,0.0039,0.0234,0.0111,0.0122,0.0562,0.2109,,9.1174,,,,0.9985,0.1348
r8_bert_coviso_sched_optuna_t50_s43,720,9.0097,8.9764,0.0047,0.0268,0.0114,0.0154,0.0582,0.2805,,9.1385,,,,0.9985,0.1348
r8_bert_coviso_sched_optuna_t50_s43,730,9.0098,8.9759,0.0044,0.0218,0.0109,0.0109,0.0577,0.2219,,9.1085,,,,0.9985,0.1348
r8_bert_coviso_sched_optuna_t50_s43,740,9.01,8.9765,0.0035,0.0236,0.0116,0.0121,0.0586,0.2921,,9.1189,,,,0.9985,0.1348
r8_bert_coviso_sched_optuna_t50_s43,750,9.0098,8.9757,0.0034,0.022,0.0113,0.0107,0.0587,0.1902,,9.1085,,,,0.9985,0.1348
r8_bert_coviso_sched_optuna_t50_s43,760,9.0097,8.9767,0.0038,0.0217,0.0108,0.0108,0.0571,0.2036,,9.1079,,,,0.9985,0.1348
r8_bert_coviso_sched_optuna_t50_s43,770,9.0097,8.9758,0.0032,0.0237,0.0113,0.0125,0.0582,0.212,,9.1182,,,,0.9985,0.1348
r8_bert_coviso_sched_optuna_t50_s43,780,9.0096,8.9763,0.0033,0.0209,0.0106,0.0103,0.0593,0.201,,9.1026,,,,0.9985,0.1348
r8_bert_coviso_sched_optuna_t50_s43,790,9.0099,8.9762,0.003,0.0229,0.0108,0.0121,0.0582,0.2164,,9.1137,,,,0.9985,0.1348
r8_bert_coviso_sched_optuna_t50_s43,800,9.0096,8.9753,0.0039,0.0226,0.0113,0.0113,0.0579,0.2657,,9.1117,,,,0.9985,0.1348
r8_bert_coviso_sched_optuna_t50_s43,810,9.01,8.9769,0.0031,0.0232,0.0113,0.0119,0.0578,0.2282,,9.1161,,,,0.9985,0.1348
r8_bert_coviso_sched_optuna_t50_s43,820,9.0094,8.9755,0.0039,0.0217,0.0108,0.0109,0.0575,0.2084,,9.107,,,,0.9985,0.1348
r8_bert_coviso_sched_optuna_t50_s43,830,9.01,8.976,0.0037,0.0207,0.0109,0.0098,0.0607,0.207,,9.1012,,,,0.9985,0.1348
r8_bert_coviso_sched_optuna_t50_s43,840,9.0096,8.9758,0.0041,0.0212,0.011,0.0102,0.0588,0.229,,9.1047,,,,0.9985,0.1348
r8_bert_coviso_sched_optuna_t50_s43,850,9.0096,8.9757,0.0029,0.0208,0.011,0.0098,0.058,0.2024,,9.1008,,,,0.9985,0.1348
r8_bert_coviso_sched_optuna_t50_s43,860,9.01,8.9751,0.0031,0.0216,0.0109,0.0107,0.0607,0.2069,,9.1051,,,,0.9985,0.1348
r8_bert_coviso_sched_optuna_t50_s43,870,9.0095,8.9757,0.0035,0.0239,0.0116,0.0124,0.0588,0.2701,,9.1199,,,,0.9985,0.1348
r8_bert_coviso_sched_optuna_t50_s43,880,9.01,8.9756,0.0034,0.0222,0.0109,0.0113,0.0604,0.2073,,9.1093,,,,0.9985,0.1348
r8_bert_coviso_sched_optuna_t50_s43,890,9.0093,8.9748,0.0031,0.0206,0.0105,0.0101,0.06,0.2028,,9.099,,,,0.9985,0.1348
r8_bert_coviso_sched_optuna_t50_s43,900,9.0095,8.9751,0.0026,0.022,0.0107,0.0112,0.0597,0.194,,9.1067,,,,0.9985,0.1348
r8_bert_coviso_sched_optuna_t50_s43,910,9.0094,8.9748,0.0027,0.0216,0.0109,0.0107,0.0599,0.1939,,9.1041,,,,0.9985,0.1348
r8_bert_coviso_sched_optuna_t50_s43,920,9.0099,8.9754,0.0025,0.0205,0.0109,0.0096,0.0606,0.197,,9.098,,,,0.9985,0.1348
r8_bert_coviso_sched_optuna_t50_s43,930,9.0098,8.9751,0.0031,0.0201,0.0106,0.0095,0.0612,0.1884,,9.0963,,,,0.9985,0.1348
r8_bert_coviso_sched_optuna_t50_s43,940,9.0096,8.9752,0.0028,0.0214,0.0106,0.0108,0.0604,0.196,,9.1038,,,,0.9985,0.1348
r8_bert_coviso_sched_optuna_t50_s43,950,9.0097,8.9747,0.0025,0.0212,0.0109,0.0103,0.0614,0.2005,,9.1019,,,,0.9985,0.1348
r8_bert_coviso_sched_optuna_t50_s43,960,9.0097,8.975,0.003,0.023,0.0111,0.0119,0.0628,0.248,,9.1128,,,,0.9985,0.1348
r8_bert_coviso_sched_optuna_t50_s43,970,9.0099,8.9748,0.0029,0.0213,0.0107,0.0106,0.0618,0.2447,,9.1029,,,,0.9985,0.1348
r8_bert_coviso_sched_optuna_t50_s43,980,9.0092,8.9754,0.0021,0.022,0.0112,0.0108,0.0583,0.1931,,9.1065,,,,0.9985,0.1348
r8_bert_coviso_sched_optuna_t50_s43,990,9.0095,8.9746,0.0033,0.0204,0.0104,0.01,0.061,0.2055,,9.0979,,,,0.9985,0.1348
r8_bert_coviso_sched_optuna_t50_s43,1000,9.0097,8.9754,0.0033,0.0201,0.0106,0.0094,0.0602,0.2173,,9.0966,,,,0.9985,0.1348
r8_bert_coviso_sched_optuna_t50_s43,1010,9.0096,8.9748,0.0023,0.0213,0.0107,0.0105,0.0608,0.1938,,9.1021,,,,0.9985,0.1348
r8_bert_coviso_sched_optuna_t50_s43,1020,9.0097,8.9747,0.0018,0.0198,0.0106,0.0092,0.0636,0.1547,,9.0926,,,,0.9985,0.1348
r8_bert_coviso_sched_optuna_t50_s43,1030,9.0092,8.9746,0.0023,0.0207,0.0111,0.0096,0.0621,0.2018,,9.0983,,,,0.9985,0.1348
r8_bert_coviso_sched_optuna_t50_s43,1040,9.0098,8.9746,0.002,0.0214,0.0112,0.0102,0.0624,0.1922,,9.1025,,,,0.9985,0.1348
r8_bert_coviso_sched_optuna_t50_s43,1050,9.0098,8.9744,0.002,0.0201,0.0109,0.0093,0.0639,0.1772,,9.0945,,,,0.9985,0.1348
r8_bert_coviso_sched_optuna_t50_s43,1060,9.0098,8.9746,0.0021,0.0194,0.0108,0.0086,0.0613,0.1697,,9.0904,,,,0.9985,0.1348
r8_bert_coviso_sched_optuna_t50_s43,1070,9.0099,8.974,0.0023,0.0194,0.0107,0.0087,0.0637,0.1831,,9.0906,,,,0.9985,0.1348
r8_bert_coviso_sched_optuna_t50_s43,1080,9.0095,8.9734,0.0024,0.021,0.011,0.01,0.0648,0.2099,,9.0992,,,,0.9985,0.1348
r8_bert_coviso_sched_optuna_t50_s43,1090,9.0094,8.9741,0.0022,0.0204,0.0109,0.0095,0.0624,0.1852,,9.096,,,,0.9985,0.1348
r8_bert_coviso_sched_optuna_t50_s43,1100,9.0097,8.974,0.002,0.0193,0.0108,0.0085,0.0611,0.1611,,9.0893,,,,0.9985,0.1348
r8_bert_coviso_sched_optuna_t50_s43,1110,9.0096,8.9745,0.0027,0.0198,0.0107,0.0091,0.0626,0.2329,,9.0934,,,,0.9985,0.1348
r8_bert_coviso_sched_optuna_t50_s43,1120,9.0103,8.9738,0.0021,0.0186,0.0106,0.008,0.0643,0.1578,,9.0853,,,,0.9985,0.1348
r8_bert_coviso_sched_optuna_t50_s43,1130,9.0092,8.9726,0.002,0.0189,0.0103,0.0086,0.0652,0.2063,,9.0853,,,,0.9985,0.1348
r8_bert_coviso_sched_optuna_t50_s43,1140,9.0095,8.974,0.0017,0.0209,0.0108,0.0101,0.0646,0.1993,,9.0982,,,,0.9985,0.1348
r8_bert_coviso_sched_optuna_t50_s43,1150,9.0097,8.9742,0.0026,0.0195,0.0105,0.0089,0.0629,0.2952,,9.0911,,,,0.9985,0.1348
r8_bert_coviso_sched_optuna_t50_s43,1160,9.0098,8.9738,0.0022,0.0194,0.0107,0.0087,0.0642,0.1852,,9.09,,,,0.9985,0.1348
r8_bert_coviso_sched_optuna_t50_s43,1170,9.0099,8.9745,0.002,0.0181,0.0103,0.0078,0.0635,0.1704,,9.0829,,,,0.9985,0.1348
r8_bert_coviso_sched_optuna_t50_s43,1180,9.01,8.9732,0.0023,0.019,0.0106,0.0084,0.0663,0.1597,,9.0871,,,,0.9985,0.1348
r8_bert_coviso_sched_optuna_t50_s43,1190,9.0095,8.9733,0.0017,0.02,0.0109,0.009,0.0642,0.1879,,9.0923,,,,0.9985,0.1348
r8_bert_coviso_sched_optuna_t50_s43,1200,9.0098,8.9731,0.0017,0.0189,0.0108,0.0082,0.0656,0.1739,,9.086,,,,0.9985,0.1348
r8_bert_coviso_sched_optuna_t50_s43,1210,9.0095,8.9738,0.0019,0.0203,0.0107,0.0096,0.0632,0.1786,,9.0947,,,,0.9985,0.1348
r8_bert_coviso_sched_optuna_t50_s43,1220,9.01,8.9732,0.0025,0.0179,0.0105,0.0074,0.0645,0.1601,,9.0807,,,,0.9985,0.1348
r8_bert_coviso_sched_optuna_t50_s43,1230,9.0096,8.9727,0.0018,0.0197,0.0107,0.009,0.0665,0.1697,,9.0902,,,,0.9985,0.1348
r8_bert_coviso_sched_optuna_t50_s43,1240,9.0095,8.9731,0.0024,0.0188,0.0104,0.0083,0.0674,0.1733,,9.0856,,,,0.9985,0.1348
r8_bert_coviso_sched_optuna_t50_s43,1250,9.0097,8.9729,0.0026,0.0192,0.0106,0.0086,0.0658,0.2244,,9.0881,,,,0.9985,0.1348
r8_bert_coviso_sched_optuna_t50_s43,1260,9.0098,8.973,0.0017,0.0189,0.0108,0.0082,0.0655,0.1693,,9.0859,,,,0.9985,0.1348
r8_bert_coviso_sched_optuna_t50_s43,1270,9.0094,8.9731,0.0017,0.0197,0.0104,0.0093,0.0644,0.1763,,9.0905,,,,0.9985,0.1348
r8_bert_coviso_sched_optuna_t50_s43,1280,9.0097,8.9729,0.0019,0.0174,0.0105,0.007,0.0666,0.1536,,9.0773,,,,0.9985,0.1348
r8_bert_coviso_sched_optuna_t50_s43,1290,9.0098,8.9731,0.0022,0.0182,0.0107,0.0075,0.0662,0.15,,9.0822,,,,0.9985,0.1348
r8_bert_coviso_sched_optuna_t50_s43,1300,9.0093,8.972,0.0018,0.0184,0.0102,0.0082,0.0668,0.1748,,9.0819,,,,0.9985,0.1348
r8_bert_coviso_sched_optuna_t50_s43,1310,9.0095,8.9718,0.002,0.019,0.0105,0.0084,0.0657,0.1599,,9.0852,,,,0.9985,0.1348
r8_bert_coviso_sched_optuna_t50_s43,1320,9.0098,8.9728,0.0019,0.0182,0.0106,0.0076,0.0641,0.1539,,9.0817,,,,0.9985,0.1348
r8_bert_coviso_sched_optuna_t50_s43,1330,9.0099,8.9726,0.0023,0.0183,0.0103,0.008,0.0673,0.1981,,9.0822,,,,0.9985,0.1348
r8_bert_coviso_sched_optuna_t50_s43,1340,9.0093,8.9725,0.0015,0.0205,0.0108,0.0097,0.0653,0.2129,,9.0944,,,,0.9985,0.1348
r8_bert_coviso_sched_optuna_t50_s43,1350,9.0095,8.9728,0.0017,0.0177,0.0103,0.0074,0.064,0.1627,,9.0787,,,,0.9985,0.1348
r8_bert_coviso_sched_optuna_t50_s43,1360,9.0096,8.9714,0.0017,0.0193,0.0105,0.0088,0.0687,0.1726,,9.0866,,,,0.9985,0.1348
r8_bert_coviso_sched_optuna_t50_s43,1370,9.0098,8.9723,0.0018,0.0189,0.0109,0.008,0.0642,0.1897,,9.085,,,,0.9985,0.1348
r8_bert_coviso_sched_optuna_t50_s43,1380,9.0096,8.9724,0.0015,0.0182,0.0106,0.0075,0.0644,0.1471,,9.0806,,,,0.9985,0.1348
r8_bert_coviso_sched_optuna_t50_s43,1390,9.0096,8.9722,0.0024,0.0193,0.0105,0.0088,0.0635,0.1912,,9.0878,,,,0.9985,0.1348
r8_bert_coviso_sched_optuna_t50_s43,1400,9.0096,8.9713,0.0023,0.0182,0.0107,0.0075,0.0672,0.1789,,9.0803,,,,0.9985,0.1348
r8_bert_coviso_sched_optuna_t50_s43,1410,9.0097,8.9723,0.0023,0.0178,0.0103,0.0075,0.0658,0.1551,,9.0791,,,,0.9985,0.1348
r8_bert_coviso_sched_optuna_t50_s43,1420,9.0097,8.9724,0.0019,0.0188,0.0107,0.0082,0.0648,0.1659,,9.085,,,,0.9985,0.1348
r8_bert_coviso_sched_optuna_t50_s43,1430,9.0098,8.9727,0.0023,0.0183,0.0105,0.0078,0.0651,0.1571,,9.0824,,,,0.9985,0.1348
r8_bert_coviso_sched_optuna_t50_s43,1440,9.0095,8.9722,0.0017,0.0185,0.0107,0.0078,0.0658,0.1606,,9.0825,,,,0.9985,0.1348
r8_bert_coviso_sched_optuna_t50_s43,1450,9.0099,8.9717,0.0021,0.019,0.0105,0.0086,0.0673,0.1748,,9.0855,,,,0.9985,0.1348
r8_bert_coviso_sched_optuna_t50_s43,1460,9.0099,8.9722,0.0026,0.0192,0.0106,0.0086,0.0637,0.1976,,9.0877,,,,0.9985,0.1348
r8_bert_coviso_sched_optuna_t50_s43,1470,9.0092,8.9721,0.0025,0.0192,0.0104,0.0087,0.0635,0.2353,,9.0872,,,,0.9985,0.1348
r8_bert_coviso_sched_optuna_t50_s43,1480,9.0095,8.9714,0.0014,0.0189,0.0107,0.0083,0.0654,0.1537,,9.0839,,,,0.9985,0.1348
r8_bert_coviso_sched_optuna_t50_s43,1490,9.0096,8.9718,0.0019,0.0184,0.0106,0.0078,0.0653,0.1496,,9.0818,,,,0.9985,0.1348
r8_bert_coviso_sched_optuna_t50_s43,1499,9.0096,8.972,0.002,0.0179,0.0106,0.0073,0.0653,0.1709,,9.0789,,,,0.9985,0.1348
